parc	metric	sample	between	dv	n	df_model	df_resid	F	p	pmeff	beta	np2	posthoc	covariates
Schaefer200	original	all	dx	CMRglu	151	1.0	143.0	1.11071755965675	0.29370348579390326	0.9734962132079036	0.19828582658593885	0.0077073903902876075		sex, age, mean_fd, gc, apd_chlor_equiv
Schaefer200	original	all	dx	SV2A	151	1.0	143.0	0.2845933149930737	0.5945344796791987	0.9999193256909944	-0.1027362340786345	0.0019862101598559956		sex, age, mean_fd, gc, apd_chlor_equiv
Schaefer200	original	all	dx	HDAC	151	1.0	143.0	1.8415417017256401	0.17690849029546116	0.8690176190569419	0.25005870863013846	0.012714181857563726		sex, age, mean_fd, gc, apd_chlor_equiv
Schaefer200	original	all	dx	VMAT2	151	1.0	143.0	4.134954016464062	0.04385578733906928	0.37389205849122076	-0.38948261096890263	0.028103138673638145	CTRL > PSY	sex, age, mean_fd, gc, apd_chlor_equiv
Schaefer200	original	all	dx	mGluR5	151	1.0	143.0	2.350594711829289	0.12744464206517783	0.759102142523984	-0.29394711208874214	0.016171896073005794		sex, age, mean_fd, gc, apd_chlor_equiv
Schaefer200	original	all	dx	NMDA	151	1.0	143.0	0.912493250631085	0.3410657928292675	0.9871598328990998	-0.17775729782457178	0.006340611784426045		sex, age, mean_fd, gc, apd_chlor_equiv
Schaefer200	original	all	dx	GABAa	151	1.0	143.0	1.8085085088176787	0.18081632623068636	0.8753668601806978	-0.2452169944047341	0.01248896578965562		sex, age, mean_fd, gc, apd_chlor_equiv
Schaefer200	original	all	dx	GABAa5	151	1.0	143.0	9.041632799025269	0.0031184272942753914	0.03208370646696901	-0.569490196453542	0.05946813798676355	CTRL > PSY	sex, age, mean_fd, gc, apd_chlor_equiv
Schaefer200	original	all	dx	NET	151	1.0	143.0	0.9179087083263627	0.3396416839009553	0.9868671215948475	-0.17391685436328067	0.006378001991306431		sex, age, mean_fd, gc, apd_chlor_equiv
Schaefer200	original	all	dx	A4B2	151	1.0	143.0	5.431769096068466	0.021171759133482487	0.2002236358276508	-0.4564415875718121	0.03659438359555561	CTRL > PSY	sex, age, mean_fd, gc, apd_chlor_equiv
Schaefer200	original	all	dx	M1	151	1.0	143.0	0.6362055125746222	0.42641067037771485	0.9969827724494983	-0.14843882235903458	0.004429283761042585		sex, age, mean_fd, gc, apd_chlor_equiv
Schaefer200	original	all	dx	VAChT	151	1.0	143.0	3.7063764271931623	0.056190078729028516	0.4532672114769577	-0.3523773174154992	0.025263908205329765		sex, age, mean_fd, gc, apd_chlor_equiv
Schaefer200	original	all	dx	FDOPA	151	1.0	143.0	9.580749339280015	0.0023662187886572417	0.024431043089120696	-0.5858256530834287	0.06279133757546418	CTRL > PSY	sex, age, mean_fd, gc, apd_chlor_equiv
Schaefer200	original	all	dx	D1	151	1.0	143.0	4.095085606780419	0.04487085522903856	0.3807972909784504	-0.3853988202223088	0.02783971734941262	CTRL > PSY	sex, age, mean_fd, gc, apd_chlor_equiv
Schaefer200	original	all	dx	D23	151	1.0	143.0	15.29526996619896	0.00014157989272923306	0.0014772162706131464	-0.730219500981017	0.0966249337043677	CTRL > PSY	sex, age, mean_fd, gc, apd_chlor_equiv
Schaefer200	original	all	dx	DAT	151	1.0	143.0	5.498231343235684	0.02041104828732313	0.19371022922434267	-0.4402875877158058	0.037025567870415825	CTRL > PSY	sex, age, mean_fd, gc, apd_chlor_equiv
Schaefer200	original	all	dx	5HT1a	151	1.0	143.0	12.735827854728687	0.0004887818907832497	0.005091503384766827	-0.6653484341163406	0.08177840661436456	CTRL > PSY	sex, age, mean_fd, gc, apd_chlor_equiv
Schaefer200	original	all	dx	5HT1b	151	1.0	143.0	8.454347350206513	0.004223043734022449	0.04322326596125603	-0.5536311357439885	0.05582109393438276	CTRL > PSY	sex, age, mean_fd, gc, apd_chlor_equiv
Schaefer200	original	all	dx	5HT2a	151	1.0	143.0	9.205987039730338	0.002866090176623133	0.029522603271222803	-0.5666557682709111	0.060483737984152346	CTRL > PSY	sex, age, mean_fd, gc, apd_chlor_equiv
Schaefer200	original	all	dx	5HT4	151	1.0	143.0	19.950069155663346	1.6027523373244927e-05	0.00016732710268863027	-0.8121033507994696	0.1224305657495941	CTRL > PSY	sex, age, mean_fd, gc, apd_chlor_equiv
Schaefer200	original	all	dx	5HT6	151	1.0	143.0	15.082610771498567	0.00015674287320670662	0.001635306739140252	-0.6590546462342763	0.09540967661079318	CTRL > PSY	sex, age, mean_fd, gc, apd_chlor_equiv
Schaefer200	original	all	dx	5HTT	151	1.0	143.0	4.80248756467128	0.03003716104131489	0.2727010851396853	-0.4121989700256921	0.03249260309350302	CTRL > PSY	sex, age, mean_fd, gc, apd_chlor_equiv
Schaefer200	original	all	dx	MOR	151	1.0	143.0	6.256536672098429	0.013501084875496427	0.13231107332055436	-0.4840842396641411	0.04191800782463156	CTRL > PSY	sex, age, mean_fd, gc, apd_chlor_equiv
Schaefer200	original	all	dx	KOR	151	1.0	143.0	4.092730407233427	0.04493159690847385	0.3812083080929899	-0.3786925739485087	0.027824151444483372	CTRL > PSY	sex, age, mean_fd, gc, apd_chlor_equiv
Schaefer200	original	all	dx	CB1	151	1.0	143.0	2.641835026129053	0.10628518879339977	0.6906292269527041	-0.3189347645232491	0.018139259407539677		sex, age, mean_fd, gc, apd_chlor_equiv
Schaefer200	original	off_med	dx	CMRglu	110	1.0	104.0	1.7019466387847617	0.19491315338330736	0.8965112648766903	0.2615883082149637	0.016101374600042358		sex, age, mean_fd, gc
Schaefer200	original	off_med	dx	SV2A	110	1.0	104.0	0.2433615770536161	0.6228287846122105	0.9999628810898886	-0.10100568702489411	0.0023345522762495564		sex, age, mean_fd, gc
Schaefer200	original	off_med	dx	HDAC	110	1.0	104.0	1.9408665323634575	0.16654510020357766	0.851324173851139	0.2712065683756879	0.018320281831662667		sex, age, mean_fd, gc
Schaefer200	original	off_med	dx	VMAT2	110	1.0	104.0	4.309696411295708	0.04036182844765588	0.3501659896540067	-0.41902356731156615	0.03979049479494475	CTRL > PSY	sex, age, mean_fd, gc
Schaefer200	original	off_med	dx	mGluR5	110	1.0	104.0	2.067633093331567	0.15345713802567287	0.8250002061010064	-0.28805711934435957	0.019493534766748356		sex, age, mean_fd, gc
Schaefer200	original	off_med	dx	NMDA	110	1.0	104.0	1.1016318339613944	0.29634117865492005	0.9747042102406379	-0.21035288120135448	0.010481586391558053		sex, age, mean_fd, gc
Schaefer200	original	off_med	dx	GABAa	110	1.0	104.0	1.7256496103737136	0.1918579898735619	0.892327906769704	-0.25326792854045416	0.01632195798023637		sex, age, mean_fd, gc
Schaefer200	original	off_med	dx	GABAa5	110	1.0	104.0	8.509011016921901	0.004330303741515971	0.04438824132940711	-0.5726768464346015	0.07562959570982368	CTRL > PSY	sex, age, mean_fd, gc
Schaefer200	original	off_med	dx	NET	110	1.0	104.0	0.9153928327313428	0.34090637836582005	0.9872426611721812	-0.19239626498848264	0.008725057477416791		sex, age, mean_fd, gc
Schaefer200	original	off_med	dx	A4B2	110	1.0	104.0	3.7374279008636906	0.05592530410218525	0.4523443175811699	-0.38574058546914153	0.03469015340056888		sex, age, mean_fd, gc
Schaefer200	original	off_med	dx	M1	110	1.0	104.0	0.6097454585400601	0.43665747883677763	0.997531157591942	-0.1556010632907608	0.005828763427989797		sex, age, mean_fd, gc
Schaefer200	original	off_med	dx	VAChT	110	1.0	104.0	3.255638537605018	0.074072577088262	0.5529911746365871	-0.35060346556346383	0.030354008255366036		sex, age, mean_fd, gc
Schaefer200	original	off_med	dx	FDOPA	110	1.0	104.0	8.546595764651293	0.004248537293225101	0.043566869900643734	-0.5754589155479704	0.07593828766285629	CTRL > PSY	sex, age, mean_fd, gc
Schaefer200	original	off_med	dx	D1	110	1.0	104.0	3.752229493169744	0.05545008080088219	0.4494532182108708	-0.39022851433716943	0.03482275504478163		sex, age, mean_fd, gc
Schaefer200	original	off_med	dx	D23	110	1.0	104.0	12.966953800502104	0.00048772424272273344	0.0050909864929788995	-0.7008219713331304	0.11085997693518149	CTRL > PSY	sex, age, mean_fd, gc
Schaefer200	original	off_med	dx	DAT	110	1.0	104.0	5.591425385231882	0.01990405363581095	0.18969427713689113	-0.4628143448777908	0.05102064660238794	CTRL > PSY	sex, age, mean_fd, gc
Schaefer200	original	off_med	dx	5HT1a	110	1.0	104.0	11.36478510009278	0.0010516337253353104	0.010947986204970395	-0.6597861435265303	0.09851173467044094	CTRL > PSY	sex, age, mean_fd, gc
Schaefer200	original	off_med	dx	5HT1b	110	1.0	104.0	6.889779456338329	0.009975074845647622	0.09957354673342478	-0.5216293378459238	0.062131780675522996	CTRL > PSY	sex, age, mean_fd, gc
Schaefer200	original	off_med	dx	5HT2a	110	1.0	104.0	8.72789622946932	0.00387598159211017	0.03981633434994636	-0.571023992717095	0.07742445766665229		sex, age, mean_fd, gc
Schaefer200	original	off_med	dx	5HT4	110	1.0	104.0	16.753216177951423	8.428479999150443e-05	0.0008814660770279925	-0.7845357501949902	0.1387392957986524	CTRL > PSY	sex, age, mean_fd, gc
Schaefer200	original	off_med	dx	5HT6	110	1.0	104.0	13.552909434143007	0.00036973044209080144	0.003861492199337291	-0.6714681188201261	0.11529199489303829	CTRL > PSY	sex, age, mean_fd, gc
Schaefer200	original	off_med	dx	5HTT	110	1.0	104.0	4.424182993880522	0.03784535525594107	0.33211457294095537	-0.4140713612684218	0.040804393187175075	CTRL > PSY	sex, age, mean_fd, gc
Schaefer200	original	off_med	dx	MOR	110	1.0	104.0	6.496619752088115	0.012268080549912823	0.12115510687611686	-0.503645196131628	0.058794737492097314	CTRL > PSY	sex, age, mean_fd, gc
Schaefer200	original	off_med	dx	KOR	110	1.0	104.0	2.8923159641089433	0.09199133824235407	0.6356468359319933	-0.33193539105440323	0.027058221519684275		sex, age, mean_fd, gc
Schaefer200	original	off_med	dx	CB1	110	1.0	104.0	3.0273151428112204	0.08483163144236976	0.6044423904621496	-0.3528535775867443	0.028285444129582636		sex, age, mean_fd, gc
Schaefer200	original	all	dx_apd_current	CMRglu	151	2.0	144.0	1.2332817645742835	0.29439335533935984	0.9737652545978713	0.16701514978449727	0.016840454706631335		sex, age, mean_fd, gc
Schaefer200	original	all	dx_apd_current	SV2A	151	2.0	144.0	0.2900336332666814	0.7486744515632564	0.9999994529767262	-0.14915371686040113	0.004012083252555201		sex, age, mean_fd, gc
Schaefer200	original	all	dx_apd_current	HDAC	151	2.0	144.0	0.7024252764915382	0.49707169782585603	0.9992352981215704	0.21923482622161305	0.009661648477615073		sex, age, mean_fd, gc
Schaefer200	original	all	dx_apd_current	VMAT2	151	2.0	144.0	3.6943257916135557	0.027250867835040674	0.2505898032370951	-0.437584229024159	0.04880584843022491	CTRL > PSY_APD, CTRL > PSY_noAPD	sex, age, mean_fd, gc
Schaefer200	original	all	dx_apd_current	mGluR5	151	2.0	144.0	3.263404873315081	0.04110566735350577	0.354832436351753	-0.31144866281247413	0.04335978260361873	CTRL > PSY_APD	sex, age, mean_fd, gc
Schaefer200	original	all	dx_apd_current	NMDA	151	2.0	144.0	1.9220414904215948	0.1500428084268376	0.8168316102491415	-0.21455768950338971	0.026000925456998402		sex, age, mean_fd, gc
Schaefer200	original	all	dx_apd_current	GABAa	151	2.0	144.0	1.1023093379660769	0.3348889185187903	0.985846037076481	-0.27194893877471316	0.015078994739685832		sex, age, mean_fd, gc
Schaefer200	original	all	dx_apd_current	GABAa5	151	2.0	144.0	6.958471417644997	0.0013038602098286824	0.013529831281093307	-0.5872703935706062	0.08812824378069171	CTRL > PSY_APD, CTRL > PSY_noAPD	sex, age, mean_fd, gc
Schaefer200	original	all	dx_apd_current	NET	151	2.0	144.0	0.6761887949389889	0.5101587543071551	0.9994193188703725	-0.16179987712134206	0.009304131190022958		sex, age, mean_fd, gc
Schaefer200	original	all	dx_apd_current	A4B2	151	2.0	144.0	2.9648814371679557	0.0547235085508961	0.4443318131088958	-0.4437478253056883	0.03955027181164797		sex, age, mean_fd, gc
Schaefer200	original	all	dx_apd_current	M1	151	2.0	144.0	0.9359279510039351	0.39459431409825707	0.9946985271816006	-0.18625388066720988	0.012832193643065214		sex, age, mean_fd, gc
Schaefer200	original	all	dx_apd_current	VAChT	151	2.0	144.0	2.853054909853834	0.06093314838785656	0.4812830795953459	-0.38132067150876164	0.03811541043033971		sex, age, mean_fd, gc
Schaefer200	original	all	dx_apd_current	FDOPA	151	2.0	144.0	7.0129726486574935	0.0012406659199597676	0.012877916428184588	-0.5994936796623049	0.08875723078843878	CTRL > PSY_APD, CTRL > PSY_noAPD	sex, age, mean_fd, gc
Schaefer200	original	all	dx_apd_current	D1	151	2.0	144.0	4.3983162844702495	0.013992878041052523	0.13681675908241564	-0.3864775839249054	0.05757085363102838	CTRL > PSY_APD	sex, age, mean_fd, gc
Schaefer200	original	all	dx_apd_current	D23	151	2.0	144.0	8.602321535463922	0.0002957441031041741	0.003083490520539911	-0.7161884599245314	0.10672548099844764	CTRL > PSY_APD, CTRL > PSY_noAPD	sex, age, mean_fd, gc
Schaefer200	original	all	dx_apd_current	DAT	151	2.0	144.0	4.118943473714676	0.018216360921381756	0.1746490284761133	-0.4951796158394307	0.05411193699945436	CTRL > PSY_APD, CTRL > PSY_noAPD	sex, age, mean_fd, gc
Schaefer200	original	all	dx_apd_current	5HT1a	151	2.0	144.0	8.085301188760269	0.0004700425679891739	0.0048967340756601585	-0.6608427512791029	0.10095861623474818	CTRL > PSY_APD, CTRL > PSY_noAPD	sex, age, mean_fd, gc
Schaefer200	original	all	dx_apd_current	5HT1b	151	2.0	144.0	4.530131119934095	0.012359554286928072	0.12177057418685522	-0.5126209039075943	0.05919408543590112		sex, age, mean_fd, gc
Schaefer200	original	all	dx_apd_current	5HT2a	151	2.0	144.0	5.255937762024218	0.0062639056731754895	0.0634999631983647	-0.5814501580505331	0.06803279999285461		sex, age, mean_fd, gc
Schaefer200	original	all	dx_apd_current	5HT4	151	2.0	144.0	11.786918368189946	1.8165697329040956e-05	0.00018964769249629754	-0.8157921791614534	0.14067731094243108	CTRL > PSY_APD, CTRL > PSY_noAPD	sex, age, mean_fd, gc
Schaefer200	original	all	dx_apd_current	5HT6	151	2.0	144.0	10.764160922364852	4.398382131098621e-05	0.0004591298410023814	-0.68025164415854	0.13005823779766149		sex, age, mean_fd, gc
Schaefer200	original	all	dx_apd_current	5HTT	151	2.0	144.0	2.849596420057629	0.06113619498290289	0.48245289981932804	-0.44087857028377786	0.038070965727932976		sex, age, mean_fd, gc
Schaefer200	original	all	dx_apd_current	MOR	151	2.0	144.0	4.942304817251914	0.008395488167745347	0.08426240974197596	-0.5249811950588386	0.0642339065484266	CTRL > PSY_APD, CTRL > PSY_noAPD	sex, age, mean_fd, gc
Schaefer200	original	all	dx_apd_current	KOR	151	2.0	144.0	2.7970023706513567	0.06430990133844766	0.5004303269767458	-0.362056315151045	0.037394578418945265		sex, age, mean_fd, gc
Schaefer200	original	all	dx_apd_current	CB1	151	2.0	144.0	1.9152734818305353	0.15103520854169233	0.8190522631325861	-0.3452939963126097	0.025911741803963394		sex, age, mean_fd, gc
Schaefer200	original	all	dx_apd_lifetime	CMRglu	151	2.0	144.0	0.45100024005478717	0.6378873347274266	0.9999752265455427	-0.14531324287762265	0.00622490011953555		sex, age, mean_fd, gc
Schaefer200	original	all	dx_apd_lifetime	SV2A	151	2.0	144.0	1.4283148738113267	0.24308788173995804	0.9454065087567118	-0.40831767159004856	0.01945182694531295		sex, age, mean_fd, gc
Schaefer200	original	all	dx_apd_lifetime	HDAC	151	2.0	144.0	1.801374063947317	0.168771652859454	0.8548496109384229	-0.1437330833751457	0.024408408200997246		sex, age, mean_fd, gc
Schaefer200	original	all	dx_apd_lifetime	VMAT2	151	2.0	144.0	5.834056432946586	0.0036620466226844487	0.037580433890650244	-0.8524027090463254	0.07495506080905057	CTRL > PSY_noAPD	sex, age, mean_fd, gc
Schaefer200	original	all	dx_apd_lifetime	mGluR5	151	2.0	144.0	3.8943492402377804	0.022535124374390415	0.21177819610943116	-0.6945733543787237	0.05131276938564313	CTRL > PSY_noAPD	sex, age, mean_fd, gc
Schaefer200	original	all	dx_apd_lifetime	NMDA	151	2.0	144.0	2.996495660736204	0.05308720388801968	0.43420657989550016	-0.6086137576955889	0.03995514236147163		sex, age, mean_fd, gc
Schaefer200	original	all	dx_apd_lifetime	GABAa	151	2.0	144.0	1.132932372885885	0.32494110015153155	0.9834729714322635	-0.32229454511534844	0.015491411818541013		sex, age, mean_fd, gc
Schaefer200	original	all	dx_apd_lifetime	GABAa5	151	2.0	144.0	7.129255006958423	0.0011160154457429345	0.011590874927113859	-0.7840814458699543	0.0900963241260327	CTRL > PSY_APD, CTRL > PSY_noAPD	sex, age, mean_fd, gc
Schaefer200	original	all	dx_apd_lifetime	NET	151	2.0	144.0	3.8949096978668067	0.022523145700422964	0.21167733728995808	0.2639882920896596	0.05131977511235226		sex, age, mean_fd, gc
Schaefer200	original	all	dx_apd_lifetime	A4B2	151	2.0	144.0	4.302731407813959	0.015312766038524418	0.14880485488038875	-0.7370137707994056	0.0563902671428264	CTRL > PSY_noAPD	sex, age, mean_fd, gc
Schaefer200	original	all	dx_apd_lifetime	M1	151	2.0	144.0	2.98683357476052	0.05358196573824338	0.4372855533901885	-0.5897649589081142	0.039831440165861924		sex, age, mean_fd, gc
Schaefer200	original	all	dx_apd_lifetime	VAChT	151	2.0	144.0	4.0406528032114455	0.019617312404511745	0.18686295504837847	-0.669810527908874	0.05313806042234288	CTRL > PSY_noAPD	sex, age, mean_fd, gc
Schaefer200	original	all	dx_apd_lifetime	FDOPA	151	2.0	144.0	7.2449106458693775	0.0010046166687368808	0.010439376135084943	-0.7872277091918627	0.09142430203808952	CTRL > PSY_APD, CTRL > PSY_noAPD	sex, age, mean_fd, gc
Schaefer200	original	all	dx_apd_lifetime	D1	151	2.0	144.0	4.414311870402677	0.013783543220765837	0.13490147840461575	-0.6797270243623804	0.057768129586631245	CTRL > PSY_APD, CTRL > PSY_noAPD	sex, age, mean_fd, gc
Schaefer200	original	all	dx_apd_lifetime	D23	151	2.0	144.0	8.633008883500803	0.00028774870718699386	0.003000242034109979	-0.7555654219494714	0.10706544383050173	CTRL > PSY_APD, CTRL > PSY_noAPD	sex, age, mean_fd, gc
Schaefer200	original	all	dx_apd_lifetime	DAT	151	2.0	144.0	7.771864715980545	0.0006233876155047348	0.0064895307155315995	-0.9686020366658048	0.09742613819611042	CTRL > PSY_APD, CTRL > PSY_noAPD, PSY_APD > PSY_noAPD	sex, age, mean_fd, gc
Schaefer200	original	all	dx_apd_lifetime	5HT1a	151	2.0	144.0	8.032219028157451	0.0004930261142947724	0.005135611422546704	-0.6733247893745067	0.10036231814753886	CTRL > PSY_APD, CTRL > PSY_noAPD	sex, age, mean_fd, gc
Schaefer200	original	all	dx_apd_lifetime	5HT1b	151	2.0	144.0	4.525673722613062	0.01241149498779924	0.1222526794158233	-0.516101745308017	0.05913928623506833	CTRL > PSY_APD	sex, age, mean_fd, gc
Schaefer200	original	all	dx_apd_lifetime	5HT2a	151	2.0	144.0	6.3877138296328795	0.0021982842733669606	0.02271509306506092	-0.8187132046602904	0.08148871191110224		sex, age, mean_fd, gc
Schaefer200	original	all	dx_apd_lifetime	5HT4	151	2.0	144.0	12.065978043309958	1.4298164893890923e-05	0.00014927384473939487	-0.9331719391724561	0.14352985980956157	CTRL > PSY_APD, CTRL > PSY_noAPD	sex, age, mean_fd, gc
Schaefer200	original	all	dx_apd_lifetime	5HT6	151	2.0	144.0	11.407442773234559	2.5188000835845265e-05	0.0002629509791702844	-0.9023438631329908	0.13676768396135516		sex, age, mean_fd, gc
Schaefer200	original	all	dx_apd_lifetime	5HTT	151	2.0	144.0	2.970993502127636	0.05440321751897793	0.4423628892969349	-0.5215402883004493	0.03962857317668227		sex, age, mean_fd, gc
Schaefer200	original	all	dx_apd_lifetime	MOR	151	2.0	144.0	5.95673297816698	0.003269477535610601	0.033613869758252535	-0.8163330362146789	0.07641075697509359	CTRL > PSY_APD, CTRL > PSY_noAPD	sex, age, mean_fd, gc
Schaefer200	original	all	dx_apd_lifetime	KOR	151	2.0	144.0	3.558272549580257	0.03101946340256582	0.28035459414026054	-0.6323430100420405	0.04709309026679203	CTRL > PSY_noAPD	sex, age, mean_fd, gc
Schaefer200	original	all	dx_apd_lifetime	CB1	151	2.0	144.0	2.6656769576239387	0.07298392907799874	0.5467210755223765	-0.5807517801298699	0.03570150390703386		sex, age, mean_fd, gc
Schaefer200	inverted	all	dx	CMRglu	151	1.0	143.0	5.743710732884536	0.017840253675083247	0.13447078764361453	-0.4643433073024014	0.03861481406228429	CTRL > PSY	sex, age, mean_fd, gc, apd_chlor_equiv
Schaefer200	inverted	all	dx	SV2A	151	1.0	143.0	1.895618383227919	0.17072126757732614	0.777268784193307	-0.26565641821501573	0.013082648077143943		sex, age, mean_fd, gc, apd_chlor_equiv
Schaefer200	inverted	all	dx	HDAC	151	1.0	143.0	7.889453931137703	0.005668356007557575	0.04457912698814204	-0.5317076876702563	0.05228631773522263	CTRL > PSY	sex, age, mean_fd, gc, apd_chlor_equiv
Schaefer200	inverted	all	dx	VMAT2	151	1.0	143.0	3.302037278647605	0.07128774292607701	0.44750397577904	-0.34245441997908455	0.02257000203188236		sex, age, mean_fd, gc, apd_chlor_equiv
Schaefer200	inverted	all	dx	mGluR5	151	1.0	143.0	2.742983754774934	0.09987492738897916	0.570069637114778	-0.320720116649788	0.018820691631991283		sex, age, mean_fd, gc, apd_chlor_equiv
Schaefer200	inverted	all	dx	NMDA	151	1.0	143.0	4.322484475656035	0.039398146902076596	0.2756376007706731	-0.3893281503696186	0.02934029039111334	CTRL > PSY	sex, age, mean_fd, gc, apd_chlor_equiv
Schaefer200	inverted	all	dx	GABAa	151	1.0	143.0	0.45836137321342574	0.49948453230952294	0.9961220742478555	-0.12313243174277183	0.0031950830110276936		sex, age, mean_fd, gc, apd_chlor_equiv
Schaefer200	inverted	all	dx	GABAa5	151	1.0	143.0	0.9432293037184042	0.33308860618912417	0.9612207111462165	-0.18421222170088392	0.0065527868749436086		sex, age, mean_fd, gc, apd_chlor_equiv
Schaefer200	inverted	all	dx	NET	151	1.0	143.0	0.9566088568627975	0.3296944921448445	0.9596088250920012	-0.17914993356837522	0.006645119417990467		sex, age, mean_fd, gc, apd_chlor_equiv
Schaefer200	inverted	all	dx	A4B2	151	1.0	143.0	1.895176366552643	0.17077081299953295	0.7773755171770917	-0.27025441124624716	0.013079637390814636		sex, age, mean_fd, gc, apd_chlor_equiv
Schaefer200	inverted	all	dx	M1	151	1.0	143.0	3.3914667458317034	0.06760646574883605	0.42968828642640344	-0.3522354723771666	0.02316710680766692		sex, age, mean_fd, gc, apd_chlor_equiv
Schaefer200	inverted	all	dx	VAChT	151	1.0	143.0	1.3222346575531223	0.25211081641130473	0.9027546532242698	-0.21943442763976845	0.009161683649719756		sex, age, mean_fd, gc, apd_chlor_equiv
Schaefer200	inverted	all	dx	FDOPA	151	1.0	143.0	4.1447567049772855	0.043609968337148954	0.3007281115763365	-0.3767994808264173	0.028167885813882257	CTRL > PSY	sex, age, mean_fd, gc, apd_chlor_equiv
Schaefer200	inverted	all	dx	D1	151	1.0	143.0	2.2311780942907777	0.1374539161949808	0.694635613591671	-0.2847430534071962	0.015362941508621476		sex, age, mean_fd, gc, apd_chlor_equiv
Schaefer200	inverted	all	dx	D23	151	1.0	143.0	0.6384669202442077	0.4255916556977003	0.9882951334247554	-0.15302488752397864	0.0044449577744290385		sex, age, mean_fd, gc, apd_chlor_equiv
Schaefer200	inverted	all	dx	DAT	151	1.0	143.0	12.516811275132156	0.0005442992735957058	0.00435826393551475	-0.6734401491795536	0.080485261834414	CTRL > PSY	sex, age, mean_fd, gc, apd_chlor_equiv
Schaefer200	inverted	all	dx	5HT1a	151	1.0	143.0	0.3689501239521197	0.54454042562746	0.9981805528082233	-0.11493344389769354	0.0025734311622784252		sex, age, mean_fd, gc, apd_chlor_equiv
Schaefer200	inverted	all	dx	5HT1b	151	1.0	143.0	2.65095317767118	0.10568905352137743	0.5918493356749596	-0.3127439547633614	0.01820072659900437		sex, age, mean_fd, gc, apd_chlor_equiv
Schaefer200	inverted	all	dx	5HT2a	151	1.0	143.0	0.8160531013511696	0.3678559028983581	0.9747615887198542	-0.17183659572612098	0.005674283807358239		sex, age, mean_fd, gc, apd_chlor_equiv
Schaefer200	inverted	all	dx	5HT4	151	1.0	143.0	0.11499550661488447	0.735024431262491	0.9999764108601614	-0.06489287886775989	0.0008035182211885636		sex, age, mean_fd, gc, apd_chlor_equiv
Schaefer200	inverted	all	dx	5HT6	151	1.0	143.0	1.380714581369472	0.24193231011960886	0.8916157053911172	-0.22248998080052518	0.009563012521255632		sex, age, mean_fd, gc, apd_chlor_equiv
Schaefer200	inverted	all	dx	5HTT	151	1.0	143.0	2.3985450198043536	0.12365846325844794	0.6531819991592169	-0.30192105785208356	0.016496348154499445		sex, age, mean_fd, gc, apd_chlor_equiv
Schaefer200	inverted	all	dx	MOR	151	1.0	143.0	0.7763248790741182	0.37974597535877463	0.97832769426109	-0.16924003772387672	0.005399532083790995		sex, age, mean_fd, gc, apd_chlor_equiv
Schaefer200	inverted	all	dx	KOR	151	1.0	143.0	2.1706604655580883	0.14286361053020669	0.7096658530872153	-0.28836119934145166	0.014952473582450087		sex, age, mean_fd, gc, apd_chlor_equiv
Schaefer200	inverted	all	dx	CB1	151	1.0	143.0	0.12567667461662566	0.7234796564771746	0.9999667878125473	0.06762286222184535	0.0008780861515319876		sex, age, mean_fd, gc, apd_chlor_equiv
Schaefer200	inverted	off_med	dx	CMRglu	110	1.0	104.0	7.565275410522358	0.00701958159253243	0.05504075373802064	-0.5494329641972306	0.06781030551562493	CTRL > PSY	sex, age, mean_fd, gc
Schaefer200	inverted	off_med	dx	SV2A	110	1.0	104.0	2.0548178248475284	0.1547249642143455	0.7409984623583242	-0.2887027260995117	0.019375054023864496		sex, age, mean_fd, gc
Schaefer200	inverted	off_med	dx	HDAC	110	1.0	104.0	8.609513710861624	0.004115217174093529	0.03259801208693691	-0.5810164384636168	0.07645458564866535	CTRL > PSY	sex, age, mean_fd, gc
Schaefer200	inverted	off_med	dx	VMAT2	110	1.0	104.0	3.6523719904744705	0.05874259078766072	0.385246029183939	-0.37721184622622705	0.03392746414168791		sex, age, mean_fd, gc
Schaefer200	inverted	off_med	dx	mGluR5	110	1.0	104.0	4.149350647511839	0.04419061289959648	0.30457676386577803	-0.3989371448929513	0.038366856783409654		sex, age, mean_fd, gc
Schaefer200	inverted	off_med	dx	NMDA	110	1.0	104.0	4.16407214450523	0.04382342559401334	0.302426793482643	-0.4036153833892796	0.038497738315011895	CTRL > PSY	sex, age, mean_fd, gc
Schaefer200	inverted	off_med	dx	GABAa	110	1.0	104.0	0.5789351337261184	0.44845174139805755	0.9916213461978431	-0.14989542217678642	0.005535867552923811		sex, age, mean_fd, gc
Schaefer200	inverted	off_med	dx	GABAa5	110	1.0	104.0	1.7051671258969832	0.1944946916580003	0.8241686437014614	-0.25611084461103617	0.016131350739610438		sex, age, mean_fd, gc
Schaefer200	inverted	off_med	dx	NET	110	1.0	104.0	0.788680481976587	0.37654874239808167	0.9775673104897833	-0.1756020392441387	0.007526390048515195		sex, age, mean_fd, gc
Schaefer200	inverted	off_med	dx	A4B2	110	1.0	104.0	2.7744019059887246	0.09879196439794258	0.5665482376435537	-0.3365246294163336	0.025983773792818736		sex, age, mean_fd, gc
Schaefer200	inverted	off_med	dx	M1	110	1.0	104.0	3.4737523512502952	0.06517052634546347	0.41818633476373623	-0.3723725652066038	0.03232186720248894		sex, age, mean_fd, gc
Schaefer200	inverted	off_med	dx	VAChT	110	1.0	104.0	1.3643229658190144	0.2454604048140332	0.8960169696009379	-0.2311309174939347	0.012948623665162362		sex, age, mean_fd, gc
Schaefer200	inverted	off_med	dx	FDOPA	110	1.0	104.0	4.749934106763079	0.031555875154310596	0.22716826430607406	-0.4203252138034965	0.04367758146961199	CTRL > PSY	sex, age, mean_fd, gc
Schaefer200	inverted	off_med	dx	D1	110	1.0	104.0	2.640591658746743	0.10719158838879622	0.597971253633639	-0.32328331882394334	0.024761599853053325		sex, age, mean_fd, gc
Schaefer200	inverted	off_med	dx	D23	110	1.0	104.0	0.799698702270542	0.37324833804389856	0.9765949540380413	-0.17652235190055826	0.00763073474612209		sex, age, mean_fd, gc
Schaefer200	inverted	off_med	dx	DAT	110	1.0	104.0	11.683922498442618	0.000901182598957549	0.0072196467346399285	-0.67124922286461	0.10099867160538156	CTRL > PSY	sex, age, mean_fd, gc
Schaefer200	inverted	off_med	dx	5HT1a	110	1.0	104.0	0.8714296090361795	0.35272211103181317	0.9696760419450133	-0.18290156347001307	0.008309504431139111		sex, age, mean_fd, gc
Schaefer200	inverted	off_med	dx	5HT1b	110	1.0	104.0	3.180856936385419	0.07742255438880437	0.47671665373125605	-0.3588012040766915	0.029677472519867416		sex, age, mean_fd, gc
Schaefer200	inverted	off_med	dx	5HT2a	110	1.0	104.0	0.9968742340855911	0.32038544798125335	0.955131774092193	-0.20001866334063886	0.009494322963016088		sex, age, mean_fd, gc
Schaefer200	inverted	off_med	dx	5HT4	110	1.0	104.0	0.4353386019228544	0.5108394791959641	0.9968069771555929	-0.13072400575776866	0.004168498975066654		sex, age, mean_fd, gc
Schaefer200	inverted	off_med	dx	5HT6	110	1.0	104.0	1.6299588716955526	0.20455209476009897	0.8410565847108468	-0.2540771699945925	0.015430838836881476		sex, age, mean_fd, gc
Schaefer200	inverted	off_med	dx	5HTT	110	1.0	104.0	2.140374449356077	0.14648254049780854	0.7199909254489092	-0.29584762233846873	0.020165506862587314		sex, age, mean_fd, gc
Schaefer200	inverted	off_med	dx	MOR	110	1.0	104.0	1.975375901135577	0.16285871570449886	0.7603630385953785	-0.2752271699836463	0.018639951822189384		sex, age, mean_fd, gc
Schaefer200	inverted	off_med	dx	KOR	110	1.0	104.0	2.664875149329619	0.1056101328689415	0.5922123013767627	-0.3253200101070078	0.024983624136800647		sex, age, mean_fd, gc
Schaefer200	inverted	off_med	dx	CB1	110	1.0	104.0	0.0013197311991268155	0.9710903783848994	0.9999999999995717	-0.007248102353590296	1.2689562041498904e-05		sex, age, mean_fd, gc
Schaefer200	inverted	all	dx_apd_current	CMRglu	151	2.0	144.0	3.2638366559915806	0.041088691773771176	0.2858015477826519	-0.5005927475331738	0.04336527077286265	CTRL > PSY_noAPD	sex, age, mean_fd, gc
Schaefer200	inverted	all	dx_apd_current	SV2A	151	2.0	144.0	1.5679280553147632	0.2120146893463041	0.8521489542342363	-0.25946056822055263	0.021312657522933886		sex, age, mean_fd, gc
Schaefer200	inverted	all	dx_apd_current	HDAC	151	2.0	144.0	3.8485411690535396	0.02353634513172177	0.17393028160866242	-0.5308729703941072	0.050739817928413325	CTRL > PSY_noAPD	sex, age, mean_fd, gc
Schaefer200	inverted	all	dx_apd_current	VMAT2	151	2.0	144.0	1.8284961736071856	0.16436530061047064	0.7631993169888827	-0.34740777177406607	0.024766807782559866		sex, age, mean_fd, gc
Schaefer200	inverted	all	dx_apd_current	mGluR5	151	2.0	144.0	2.5015803882435557	0.08551155230551732	0.5118478416100702	-0.36557730074629136	0.03357754795545663		sex, age, mean_fd, gc
Schaefer200	inverted	all	dx_apd_current	NMDA	151	2.0	144.0	2.1952763111067455	0.1150401059541388	0.6248555902684716	-0.36596995082474415	0.029587817719038827		sex, age, mean_fd, gc
Schaefer200	inverted	all	dx_apd_current	GABAa	151	2.0	144.0	0.5460090651673664	0.5804514280029132	0.9990585464386474	-0.12316928751691783	0.007526383218088424		sex, age, mean_fd, gc
Schaefer200	inverted	all	dx_apd_current	GABAa5	151	2.0	144.0	1.1481175063741178	0.32011989360359455	0.9547414142075854	-0.235114644549219	0.015695790206413325		sex, age, mean_fd, gc
Schaefer200	inverted	all	dx_apd_current	NET	151	2.0	144.0	1.2826626839621824	0.2804467465664667	0.9286657370564315	-0.18236777344553862	0.01750294867824026		sex, age, mean_fd, gc
Schaefer200	inverted	all	dx_apd_current	A4B2	151	2.0	144.0	1.2479474092342786	0.29017946936042766	0.9360485387714693	-0.31622231945362017	0.017037302113901302		sex, age, mean_fd, gc
Schaefer200	inverted	all	dx_apd_current	M1	151	2.0	144.0	2.5956011853954584	0.07808866867445705	0.47913955081494874	-0.35056451331640065	0.0347956333101265		sex, age, mean_fd, gc
Schaefer200	inverted	all	dx_apd_current	VAChT	151	2.0	144.0	1.8717652474328392	0.1575757534814271	0.7473164898933125	-0.21088557247307427	0.025338033295446205		sex, age, mean_fd, gc
Schaefer200	inverted	all	dx_apd_current	FDOPA	151	2.0	144.0	2.2737679893763514	0.10660727932960055	0.5951991585588834	-0.3962998643228743	0.030613338341762553		sex, age, mean_fd, gc
Schaefer200	inverted	all	dx_apd_current	D1	151	2.0	144.0	1.7228326531420035	0.1822194584904898	0.8008707453307338	-0.29335310893542393	0.02336905123067837		sex, age, mean_fd, gc
Schaefer200	inverted	all	dx_apd_current	D23	151	2.0	144.0	2.0768188753804964	0.12906616966346673	0.6699836501272434	-0.17023123856786626	0.02803601594817848		sex, age, mean_fd, gc
Schaefer200	inverted	all	dx_apd_current	DAT	151	2.0	144.0	5.786373789504697	0.0038272413980046252	0.03029430663939825	-0.6620180823453509	0.07438801306206952	CTRL > PSY_noAPD	sex, age, mean_fd, gc
Schaefer200	inverted	all	dx_apd_current	5HT1a	151	2.0	144.0	0.448885142564647	0.6392295597612044	0.9997195092695289	-0.18338235576091985	0.006195887509950395		sex, age, mean_fd, gc
Schaefer200	inverted	all	dx_apd_current	5HT1b	151	2.0	144.0	1.3098752792358006	0.27304934325470404	0.9225656377067016	-0.31598820409807665	0.017867651175868363		sex, age, mean_fd, gc
Schaefer200	inverted	all	dx_apd_current	5HT2a	151	2.0	144.0	0.5696817786611519	0.5669751149690194	0.9987867461645293	-0.19634940446742966	0.007850134721531392		sex, age, mean_fd, gc
Schaefer200	inverted	all	dx_apd_current	5HT4	151	2.0	144.0	0.3265809856077703	0.7219188395502902	0.9999652537345918	-0.12707102761509267	0.004515366012846045		sex, age, mean_fd, gc
Schaefer200	inverted	all	dx_apd_current	5HT6	151	2.0	144.0	0.8285992320834346	0.4387315282809644	0.990278341730024	-0.24714190682606219	0.011377388015426896		sex, age, mean_fd, gc
Schaefer200	inverted	all	dx_apd_current	5HTT	151	2.0	144.0	1.3597285250250581	0.2600065124374767	0.9106919455848742	-0.3257964759838649	0.018535081200051286		sex, age, mean_fd, gc
Schaefer200	inverted	all	dx_apd_current	MOR	151	2.0	144.0	0.7684100408655616	0.46564180083012985	0.9934452446363936	-0.24316401124664822	0.010559665113392406		sex, age, mean_fd, gc
Schaefer200	inverted	all	dx_apd_current	KOR	151	2.0	144.0	1.6715516449592247	0.19158121593954056	0.818440105170724	-0.3216395643088472	0.022689241744423015		sex, age, mean_fd, gc
Schaefer200	inverted	all	dx_apd_current	CB1	151	2.0	144.0	0.3633403288950528	0.69598538152462	0.9999289507185696	0.0029558420240133926	0.005021055236583229		sex, age, mean_fd, gc
Schaefer200	inverted	all	dx_apd_lifetime	CMRglu	151	2.0	144.0	8.738768236125713	0.00026183466421541115	0.002098618793351048	0.19000605241165947	0.10823509482543285	CTRL > PSY_APD, PSY_APD < PSY_noAPD	sex, age, mean_fd, gc
Schaefer200	inverted	all	dx_apd_lifetime	SV2A	151	2.0	144.0	7.240643596130373	0.0010085191700264322	0.00806217682030097	0.30997104488026916	0.09137537591231731	CTRL > PSY_APD, PSY_APD < PSY_noAPD	sex, age, mean_fd, gc
Schaefer200	inverted	all	dx_apd_lifetime	HDAC	151	2.0	144.0	8.289565564984125	0.00039127668081628684	0.0031346786619306233	0.08313713088344149	0.10324586397562187	CTRL > PSY_APD, PSY_APD < PSY_noAPD	sex, age, mean_fd, gc
Schaefer200	inverted	all	dx_apd_lifetime	VMAT2	151	2.0	144.0	3.7365140825710172	0.026179254680059473	0.19169769026450156	0.028098503128455514	0.049335701911198585	CTRL > PSY_APD	sex, age, mean_fd, gc
Schaefer200	inverted	all	dx_apd_lifetime	mGluR5	151	2.0	144.0	5.619753925971618	0.004466187060660921	0.03527278883082696	0.06754679831186734	0.07240107887138308	CTRL > PSY_APD	sex, age, mean_fd, gc
Schaefer200	inverted	all	dx_apd_lifetime	NMDA	151	2.0	144.0	5.481044532185266	0.0050800282637308534	0.04003457742880212	0.09540943690083348	0.0707404574277321	CTRL > PSY_APD	sex, age, mean_fd, gc
Schaefer200	inverted	all	dx_apd_lifetime	GABAa	151	2.0	144.0	2.0773513834174566	0.12899938529640198	0.6697805792219278	0.3196316552570125	0.028043002950595246		sex, age, mean_fd, gc
Schaefer200	inverted	all	dx_apd_lifetime	GABAa5	151	2.0	144.0	2.0276547453443654	0.13538557846342628	0.6887115185258578	-0.010357909981070088	0.027390503620836174		sex, age, mean_fd, gc
Schaefer200	inverted	all	dx_apd_lifetime	NET	151	2.0	144.0	2.5338003194792575	0.0828904741482772	0.5005098434074056	-0.5514409747809916	0.03399531901792822		sex, age, mean_fd, gc
Schaefer200	inverted	all	dx_apd_lifetime	A4B2	151	2.0	144.0	4.637020039450115	0.011177891164960185	0.0862321569825305	0.2696432661853983	0.06050626755924403	PSY_APD < PSY_noAPD	sex, age, mean_fd, gc
Schaefer200	inverted	all	dx_apd_lifetime	M1	151	2.0	144.0	6.735992926447688	0.0015975759667105514	0.012744770473294476	0.13083638724893262	0.08555163497766782	CTRL > PSY_APD, PSY_APD < PSY_noAPD	sex, age, mean_fd, gc
Schaefer200	inverted	all	dx_apd_lifetime	VAChT	151	2.0	144.0	2.1097032659382484	0.1250070161652949	0.657440494853357	-0.5170387574405546	0.028467301486388416		sex, age, mean_fd, gc
Schaefer200	inverted	all	dx_apd_lifetime	FDOPA	151	2.0	144.0	2.9104933897818213	0.057659172073276935	0.37900846634995156	-0.11414086571302724	0.03885294647089893		sex, age, mean_fd, gc
Schaefer200	inverted	all	dx_apd_lifetime	D1	151	2.0	144.0	4.221335160098049	0.016535906194029615	0.12520623680545995	0.08925853633819937	0.05538259269837512	CTRL > PSY_APD	sex, age, mean_fd, gc
Schaefer200	inverted	all	dx_apd_lifetime	D23	151	2.0	144.0	3.112313774458525	0.04750481629538644	0.3232499343043146	0.07205971884572239	0.04143546667732726		sex, age, mean_fd, gc
Schaefer200	inverted	all	dx_apd_lifetime	DAT	151	2.0	144.0	5.2267794894644455	0.006436491432968175	0.05048425262637246	-0.48396769160312414	0.06768092006449009	CTRL > PSY_APD	sex, age, mean_fd, gc
Schaefer200	inverted	all	dx_apd_lifetime	5HT1a	151	2.0	144.0	0.42544767494462904	0.6542958756476369	0.9998007987879303	-0.19102241175530574	0.00587428436554644		sex, age, mean_fd, gc
Schaefer200	inverted	all	dx_apd_lifetime	5HT1b	151	2.0	144.0	2.343430106789669	0.09964899057231529	0.5692031328430287	0.07015401226619358	0.03152168393930006		sex, age, mean_fd, gc
Schaefer200	inverted	all	dx_apd_lifetime	5HT2a	151	2.0	144.0	2.411589447641252	0.09328630520240387	0.5441649933833034	0.24663351271353942	0.03240878827535509		sex, age, mean_fd, gc
Schaefer200	inverted	all	dx_apd_lifetime	5HT4	151	2.0	144.0	1.4666247881530523	0.23412803191080547	0.8823338334299079	0.14313423675195186	0.01996314370480723		sex, age, mean_fd, gc
Schaefer200	inverted	all	dx_apd_lifetime	5HT6	151	2.0	144.0	2.182500547823218	0.11647534722782525	0.6297088481985114	0.10463299142225117	0.029420692639178774		sex, age, mean_fd, gc
Schaefer200	inverted	all	dx_apd_lifetime	5HTT	151	2.0	144.0	2.036695361711572	0.13420042503941954	0.6852718882772024	-0.520337930963023	0.02750926890727836		sex, age, mean_fd, gc
Schaefer200	inverted	all	dx_apd_lifetime	MOR	151	2.0	144.0	0.6250348679990259	0.5366884657131953	0.9979131456857049	-0.12005491511676979	0.008606327957502114		sex, age, mean_fd, gc
Schaefer200	inverted	all	dx_apd_lifetime	KOR	151	2.0	144.0	1.7233771975685372	0.18212257685307157	0.8006814124313418	-0.3866186458135459	0.02337626493900466		sex, age, mean_fd, gc
Schaefer200	inverted	all	dx_apd_lifetime	CB1	151	2.0	144.0	0.116357774259648	0.8902402991204482	0.9999999799541104	0.018880304070021878	0.0016134726967753127		sex, age, mean_fd, gc
Schaefer200Subcortical	original	all	dx	CMRglu	151	1.0	143.0	0.032916145270598815	0.8562884921126321	0.9999999985633768	-0.034868435508271164	0.00023012986211626776		sex, age, mean_fd, gc, apd_chlor_equiv
Schaefer200Subcortical	original	all	dx	SV2A	151	1.0	143.0	1.5385158740187392	0.21687015230414064	0.9231367781638022	-0.23701931698752612	0.010644331476045635		sex, age, mean_fd, gc, apd_chlor_equiv
Schaefer200Subcortical	original	all	dx	HDAC	151	1.0	143.0	1.2207476156607286	0.27106952360581144	0.9637920299619981	0.20710888045192496	0.00846443827148882		sex, age, mean_fd, gc, apd_chlor_equiv
Schaefer200Subcortical	original	all	dx	VMAT2	151	1.0	143.0	11.077864717360058	0.0011110445744795488	0.011599793314628348	-0.6236703566308509	0.07189783384966593	CTRL > PSY	sex, age, mean_fd, gc, apd_chlor_equiv
Schaefer200Subcortical	original	all	dx	mGluR5	151	1.0	143.0	3.441013789166338	0.06565579871269213	0.5097119888744374	-0.35002792558446655	0.023497609721006334		sex, age, mean_fd, gc, apd_chlor_equiv
Schaefer200Subcortical	original	all	dx	NMDA	151	1.0	143.0	6.253449110820733	0.013523625671194993	0.13316573529108466	-0.4657365841077919	0.0418981882701923	CTRL > PSY	sex, age, mean_fd, gc, apd_chlor_equiv
Schaefer200Subcortical	original	all	dx	GABAa	151	1.0	143.0	2.593135611587196	0.10953289422523119	0.7040571082974092	-0.3033626716496088	0.017810837033588954		sex, age, mean_fd, gc, apd_chlor_equiv
Schaefer200Subcortical	original	all	dx	GABAa5	151	1.0	143.0	8.703136604417152	0.003712729756050328	0.038287717546191535	-0.5566147701079939	0.05736952313063607	CTRL > PSY	sex, age, mean_fd, gc, apd_chlor_equiv
Schaefer200Subcortical	original	all	dx	NET	151	1.0	143.0	0.10799162658894329	0.7429230671661371	0.9999993569561614	-0.06031005326900065	0.0007546163240884924		sex, age, mean_fd, gc, apd_chlor_equiv
Schaefer200Subcortical	original	all	dx	A4B2	151	1.0	143.0	10.615585082166854	0.0014009767466719694	0.014606715113654412	-0.6305869967189676	0.06910487029352343	CTRL > PSY	sex, age, mean_fd, gc, apd_chlor_equiv
Schaefer200Subcortical	original	all	dx	M1	151	1.0	143.0	0.45917739179867406	0.4991035567338621	0.9992942262428247	-0.13072745309572498	0.0032007529957084817		sex, age, mean_fd, gc, apd_chlor_equiv
Schaefer200Subcortical	original	all	dx	VAChT	151	1.0	143.0	9.606946874755879	0.002334817517190605	0.024235520383912634	-0.5479111616676977	0.06295222512144401	CTRL > PSY	sex, age, mean_fd, gc, apd_chlor_equiv
Schaefer200Subcortical	original	all	dx	FDOPA	151	1.0	143.0	10.550112843683355	0.00144790634536818	0.015092648703787237	-0.6125074584856802	0.06870794588359275	CTRL > PSY	sex, age, mean_fd, gc, apd_chlor_equiv
Schaefer200Subcortical	original	all	dx	D1	151	1.0	143.0	5.910394373984315	0.016289328859213578	0.15833612856123225	-0.4648994985235182	0.03969094567797949	CTRL > PSY	sex, age, mean_fd, gc, apd_chlor_equiv
Schaefer200Subcortical	original	all	dx	D23	151	1.0	143.0	11.171505076431846	0.001060239284546922	0.011072031521973447	-0.6342499436546029	0.07246154255868148	CTRL > PSY	sex, age, mean_fd, gc, apd_chlor_equiv
Schaefer200Subcortical	original	all	dx	DAT	151	1.0	143.0	11.746093586630277	0.0007964761121107778	0.008327978201457809	-0.6247371139663632	0.07590559034082858	CTRL > PSY	sex, age, mean_fd, gc, apd_chlor_equiv
Schaefer200Subcortical	original	all	dx	5HT1a	151	1.0	143.0	13.067262966824744	0.0004155495741686438	0.004352859819382271	-0.6689242013884175	0.08372840478148487	CTRL > PSY	sex, age, mean_fd, gc, apd_chlor_equiv
Schaefer200Subcortical	original	all	dx	5HT1b	151	1.0	143.0	10.902101126226027	0.0012132488768433504	0.012660712611209601	-0.6230245432508117	0.07083789660080365	CTRL > PSY	sex, age, mean_fd, gc, apd_chlor_equiv
Schaefer200Subcortical	original	all	dx	5HT2a	151	1.0	143.0	10.045394940100698	0.0018683610517527067	0.01943659395845798	-0.5919729699034939	0.06563670173828028	CTRL > PSY	sex, age, mean_fd, gc, apd_chlor_equiv
Schaefer200Subcortical	original	all	dx	5HT4	151	1.0	143.0	12.18824155951824	0.0006399491324005709	0.006696298694589764	-0.6371044588433776	0.0785384345942458	CTRL > PSY	sex, age, mean_fd, gc, apd_chlor_equiv
Schaefer200Subcortical	original	all	dx	5HT6	151	1.0	143.0	9.657039249082874	0.0022759615546418042	0.02363118110857454	-0.5368932537792716	0.06325970486906907		sex, age, mean_fd, gc, apd_chlor_equiv
Schaefer200Subcortical	original	all	dx	5HTT	151	1.0	143.0	9.467170906094083	0.0025074587546523976	0.0260062671828033	-0.5576727464246092	0.062093176188892485	CTRL > PSY	sex, age, mean_fd, gc, apd_chlor_equiv
Schaefer200Subcortical	original	all	dx	MOR	151	1.0	143.0	10.576097241245558	0.0014290910952003862	0.014897851812825103	-0.6171972788466759	0.06886551638717618	CTRL > PSY	sex, age, mean_fd, gc, apd_chlor_equiv
Schaefer200Subcortical	original	all	dx	KOR	151	1.0	143.0	6.911503946214841	0.009500637619798772	0.09533618492432328	-0.4754039503567666	0.0461038930587645	CTRL > PSY	sex, age, mean_fd, gc, apd_chlor_equiv
Schaefer200Subcortical	original	all	dx	CB1	151	1.0	143.0	3.950851757286551	0.0487573731043844	0.4082291738917595	-0.3877261962207624	0.02688553152323357		sex, age, mean_fd, gc, apd_chlor_equiv
Schaefer200Subcortical	original	off_med	dx	CMRglu	110	1.0	104.0	0.014242571859049587	0.9052344416613493	0.9999999999712931	-0.024315002235969458	0.0001369290542034183		sex, age, mean_fd, gc
Schaefer200Subcortical	original	off_med	dx	SV2A	110	1.0	104.0	1.7525388863782545	0.18846036074289987	0.8836527597406172	-0.26772040558778154	0.016572073870124316		sex, age, mean_fd, gc
Schaefer200Subcortical	original	off_med	dx	HDAC	110	1.0	104.0	1.0384946693040364	0.31053662018434336	0.9783016646502761	0.19995703271830456	0.009886800763601588		sex, age, mean_fd, gc
Schaefer200Subcortical	original	off_med	dx	VMAT2	110	1.0	104.0	10.411514048687494	0.0016749275125268403	0.017120448639769803	-0.6267407123768849	0.09100057922716505	CTRL > PSY	sex, age, mean_fd, gc
Schaefer200Subcortical	original	off_med	dx	mGluR5	110	1.0	104.0	3.5996290534801076	0.060566215847631125	0.47461043740755093	-0.3718941547592141	0.03345391694325441		sex, age, mean_fd, gc
Schaefer200Subcortical	original	off_med	dx	NMDA	110	1.0	104.0	6.182993875046523	0.01448947724053018	0.13959751262192466	-0.48882287169994265	0.05611568226271263		sex, age, mean_fd, gc
Schaefer200Subcortical	original	off_med	dx	GABAa	110	1.0	104.0	2.816214952281134	0.09631887053827912	0.6477170642903862	-0.3311559491998287	0.026365050976008133		sex, age, mean_fd, gc
Schaefer200Subcortical	original	off_med	dx	GABAa5	110	1.0	104.0	8.458918522904302	0.004441821843946954	0.04482361886260544	-0.5639667823138658	0.0752178540751438	CTRL > PSY	sex, age, mean_fd, gc
Schaefer200Subcortical	original	off_med	dx	NET	110	1.0	104.0	0.09108390332275695	0.7634063649946137	0.999999644118769	-0.06043597617003965	0.0008750403964219784		sex, age, mean_fd, gc
Schaefer200Subcortical	original	off_med	dx	A4B2	110	1.0	104.0	9.537961746143392	0.0025811308487952997	0.026272552101587854	-0.6116647266718166	0.08400680793855606	CTRL > PSY	sex, age, mean_fd, gc
Schaefer200Subcortical	original	off_med	dx	M1	110	1.0	104.0	1.1216433296593373	0.29201846231358475	0.9714895576345759	-0.2145451446012622	0.010669956196764226		sex, age, mean_fd, gc
Schaefer200Subcortical	original	off_med	dx	VAChT	110	1.0	104.0	9.147168168876231	0.003138266740320888	0.03186101866658031	-0.5518659435986499	0.08084310298622545	CTRL > PSY	sex, age, mean_fd, gc
Schaefer200Subcortical	original	off_med	dx	FDOPA	110	1.0	104.0	10.063704251218129	0.0019882314720600213	0.02029337535518072	-0.6083764656889306	0.08822880439735196	CTRL > PSY	sex, age, mean_fd, gc
Schaefer200Subcortical	original	off_med	dx	D1	110	1.0	104.0	5.733027747930451	0.018439107756387994	0.17446464060167854	-0.46712610373034735	0.05224523432543832	CTRL > PSY	sex, age, mean_fd, gc
Schaefer200Subcortical	original	off_med	dx	D23	110	1.0	104.0	9.471623223724992	0.0026679643557639124	0.027145465098384225	-0.6032199252633874	0.08347129400846216	CTRL > PSY	sex, age, mean_fd, gc
Schaefer200Subcortical	original	off_med	dx	DAT	110	1.0	104.0	11.885601101792172	0.0008176985538865275	0.008391543800131518	-0.6468397209895947	0.10256322605042224	CTRL > PSY	sex, age, mean_fd, gc
Schaefer200Subcortical	original	off_med	dx	5HT1a	110	1.0	104.0	12.128271810499642	0.0007276912052401485	0.007470977592971106	-0.6754437220367482	0.10443858004096361	CTRL > PSY	sex, age, mean_fd, gc
Schaefer200Subcortical	original	off_med	dx	5HT1b	110	1.0	104.0	9.061553706285718	0.003276117770560603	0.03323928493431505	-0.5891598492194285	0.08014708279903937	CTRL > PSY	sex, age, mean_fd, gc
Schaefer200Subcortical	original	off_med	dx	5HT2a	110	1.0	104.0	10.150715761714098	0.0019045792996598982	0.0194471100671193	-0.6124508488354866	0.08892380300885179	CTRL > PSY	sex, age, mean_fd, gc
Schaefer200Subcortical	original	off_med	dx	5HT4	110	1.0	104.0	11.542913141314452	0.0009647220398274992	0.0098935946761185	-0.647515446561826	0.09990152426914252	CTRL > PSY	sex, age, mean_fd, gc
Schaefer200Subcortical	original	off_med	dx	5HT6	110	1.0	104.0	10.740738725132145	0.0014251685688642045	0.01458441884304107	-0.5866650922169416	0.0936087639357298		sex, age, mean_fd, gc
Schaefer200Subcortical	original	off_med	dx	5HTT	110	1.0	104.0	9.154853824885526	0.0031261887385640058	0.03174017553781949	-0.5704704530501785	0.08090553357130623	CTRL > PSY	sex, age, mean_fd, gc
Schaefer200Subcortical	original	off_med	dx	MOR	110	1.0	104.0	11.561684595950457	0.0009560042621388354	0.009804587693284628	-0.6476698696729527	0.1000477332636219	CTRL > PSY	sex, age, mean_fd, gc
Schaefer200Subcortical	original	off_med	dx	KOR	110	1.0	104.0	5.464128042066694	0.02132552300271262	0.19913327654391744	-0.44439858742668675	0.04991706543322437	CTRL > PSY	sex, age, mean_fd, gc
Schaefer200Subcortical	original	off_med	dx	CB1	110	1.0	104.0	4.7438083583840776	0.031663321497360196	0.28212131529732376	-0.4361280152703321	0.043623709984020737		sex, age, mean_fd, gc
Schaefer200Subcortical	original	all	dx_apd_current	CMRglu	151	2.0	144.0	0.5777744615425745	0.5624412629741298	0.9998292147363819	-0.08691547450758465	0.00796076299981787		sex, age, mean_fd, gc
Schaefer200Subcortical	original	all	dx_apd_current	SV2A	151	2.0	144.0	0.7853679222380516	0.4578949604128094	0.998381777701619	-0.24433769423904003	0.010790189630931287		sex, age, mean_fd, gc
Schaefer200Subcortical	original	all	dx_apd_current	HDAC	151	2.0	144.0	0.38052491391719645	0.6841877622634313	0.9999944256858364	0.15268497766638647	0.0052572831486060395		sex, age, mean_fd, gc
Schaefer200Subcortical	original	all	dx_apd_current	VMAT2	151	2.0	144.0	6.8987419625763815	0.0013768736676347888	0.01435705493621997	-0.6379144738012924	0.08743792094744203	CTRL > PSY_APD, CTRL > PSY_noAPD	sex, age, mean_fd, gc
Schaefer200Subcortical	original	all	dx_apd_current	mGluR5	151	2.0	144.0	3.4415969324205045	0.03467024378299377	0.30950307891443374	-0.37732674247237935	0.045619354207247734	CTRL > PSY_APD	sex, age, mean_fd, gc
Schaefer200Subcortical	original	all	dx_apd_current	NMDA	151	2.0	144.0	5.913596302684607	0.0034024024782486006	0.03513901665211405	-0.4591186246966399	0.07589941400870552	CTRL > PSY_APD	sex, age, mean_fd, gc
Schaefer200Subcortical	original	all	dx_apd_current	GABAa	151	2.0	144.0	1.5292419609737617	0.22019799323111042	0.9264965591069834	-0.3369215256167139	0.02079773869810081		sex, age, mean_fd, gc
Schaefer200Subcortical	original	all	dx_apd_current	GABAa5	151	2.0	144.0	6.518514999502886	0.0019496209232892354	0.020274132205439055	-0.5589294274993964	0.08301882682758527	CTRL > PSY_APD, CTRL > PSY_noAPD	sex, age, mean_fd, gc
Schaefer200Subcortical	original	all	dx_apd_current	NET	151	2.0	144.0	0.1040120677220765	0.901282066079366	0.9999999999721033	-0.05878799595972773	0.0014425281581333575		sex, age, mean_fd, gc
Schaefer200Subcortical	original	all	dx_apd_current	A4B2	151	2.0	144.0	5.877512508717721	0.003517795701725813	0.03631092864491836	-0.6743150480924954	0.07547124091899807	CTRL > PSY_noAPD	sex, age, mean_fd, gc
Schaefer200Subcortical	original	all	dx_apd_current	M1	151	2.0	144.0	0.5094319603679134	0.6019155126675403	0.9999366876822086	-0.19740209297390582	0.007025733709324298		sex, age, mean_fd, gc
Schaefer200Subcortical	original	all	dx_apd_current	VAChT	151	2.0	144.0	5.899623358900792	0.003446624536432753	0.03558827989381452	-0.581071384146912	0.07573365703862164	CTRL > PSY_APD, CTRL > PSY_noAPD	sex, age, mean_fd, gc
Schaefer200Subcortical	original	all	dx_apd_current	FDOPA	151	2.0	144.0	6.329074007894218	0.002319980254728657	0.024083201709292124	-0.6114296339403114	0.08080108297024369	CTRL > PSY_APD, CTRL > PSY_noAPD	sex, age, mean_fd, gc
Schaefer200Subcortical	original	all	dx_apd_current	D1	151	2.0	144.0	4.143092935006317	0.017805031352185273	0.17184810808834405	-0.4539421089127338	0.054411933838079685	CTRL > PSY_APD	sex, age, mean_fd, gc
Schaefer200Subcortical	original	all	dx_apd_current	D23	151	2.0	144.0	6.177754231000572	0.002666551797759862	0.027635478322585172	-0.6162471956139118	0.07902189429420636	CTRL > PSY_APD, CTRL > PSY_noAPD	sex, age, mean_fd, gc
Schaefer200Subcortical	original	all	dx_apd_current	DAT	151	2.0	144.0	6.895466683930912	0.0013809952405347467	0.014399750326998029	-0.6652622323989295	0.0874000367036976	CTRL > PSY_APD, CTRL > PSY_noAPD	sex, age, mean_fd, gc
Schaefer200Subcortical	original	all	dx_apd_current	5HT1a	151	2.0	144.0	7.990494742254599	0.000511889443382863	0.005359563852569638	-0.6696471323474642	0.09989305314339628	CTRL > PSY_APD, CTRL > PSY_noAPD	sex, age, mean_fd, gc
Schaefer200Subcortical	original	all	dx_apd_current	5HT1b	151	2.0	144.0	5.733459989219784	0.0040194239479822095	0.041390419053142335	-0.5882217915901067	0.07375794143236272	CTRL > PSY_noAPD	sex, age, mean_fd, gc
Schaefer200Subcortical	original	all	dx_apd_current	5HT2a	151	2.0	144.0	5.577362148264022	0.0046453575621862074	0.047694651403862975	-0.6087673580555144	0.07189419688703388		sex, age, mean_fd, gc
Schaefer200Subcortical	original	all	dx_apd_current	5HT4	151	2.0	144.0	6.430906062778931	0.0021128031070548068	0.021954081853347573	-0.6247295405988862	0.08199453997932143	CTRL > PSY_noAPD	sex, age, mean_fd, gc
Schaefer200Subcortical	original	all	dx_apd_current	5HT6	151	2.0	144.0	6.041096411261779	0.003024528367332204	0.03129236800629931	-0.5593291280097494	0.07740916887464454		sex, age, mean_fd, gc
Schaefer200Subcortical	original	all	dx_apd_current	5HTT	151	2.0	144.0	5.365134007221061	0.0056582147890758055	0.057816454828633956	-0.5992560632693027	0.06934821578309802	CTRL > PSY_APD, CTRL > PSY_noAPD	sex, age, mean_fd, gc
Schaefer200Subcortical	original	all	dx_apd_current	MOR	151	2.0	144.0	6.753765904137648	0.0015718241490758676	0.01637471655637135	-0.6599532565152858	0.08575800568519622	CTRL > PSY_APD, CTRL > PSY_noAPD	sex, age, mean_fd, gc
Schaefer200Subcortical	original	all	dx_apd_current	KOR	151	2.0	144.0	3.6681755804681457	0.027937324577987217	0.2572484186749344	-0.4576058381218051	0.04847712466078003	CTRL > PSY_APD, CTRL > PSY_noAPD	sex, age, mean_fd, gc
Schaefer200Subcortical	original	all	dx_apd_current	CB1	151	2.0	144.0	2.116516866584091	0.12418228587365837	0.751345825780092	-0.40141856847126317	0.028556615395108186		sex, age, mean_fd, gc
Schaefer200Subcortical	original	all	dx_apd_lifetime	CMRglu	151	2.0	144.0	1.111210200730686	0.33196607411380485	0.9855072751540787	-0.38150549905040304	0.015198903118684534		sex, age, mean_fd, gc
Schaefer200Subcortical	original	all	dx_apd_lifetime	SV2A	151	2.0	144.0	2.1810250610606863	0.11664227003901459	0.7279367894595972	-0.5232309753447705	0.029401387474295715		sex, age, mean_fd, gc
Schaefer200Subcortical	original	all	dx_apd_lifetime	HDAC	151	2.0	144.0	1.2703038805018279	0.283873116967339	0.969937268968811	-0.0941393706257151	0.017337226860333413		sex, age, mean_fd, gc
Schaefer200Subcortical	original	all	dx_apd_lifetime	VMAT2	151	2.0	144.0	8.885917286316703	0.00022966238210196614	0.0024078247901146987	-0.9830156142728564	0.1098574088597239	CTRL > PSY_APD, CTRL > PSY_noAPD	sex, age, mean_fd, gc
Schaefer200Subcortical	original	all	dx_apd_lifetime	mGluR5	151	2.0	144.0	4.387025018153819	0.014142585498749706	0.1388572383658484	-0.7165072622458358	0.05743154700829385	CTRL > PSY_noAPD	sex, age, mean_fd, gc
Schaefer200Subcortical	original	all	dx_apd_lifetime	NMDA	151	2.0	144.0	7.099004544329326	0.0011471664828020076	0.011974870162953066	-0.891954168597314	0.08974834241246162	CTRL > PSY_noAPD	sex, age, mean_fd, gc
Schaefer200Subcortical	original	all	dx_apd_lifetime	GABAa	151	2.0	144.0	1.3350987479140628	0.26636938199282656	0.9612652239996445	-0.3618867451836399	0.018205453741916976		sex, age, mean_fd, gc
Schaefer200Subcortical	original	all	dx_apd_lifetime	GABAa5	151	2.0	144.0	6.365206301050175	0.00224421000407881	0.023305012212765264	-0.6650219088993335	0.08122490326379546	CTRL > PSY_APD, CTRL > PSY_noAPD	sex, age, mean_fd, gc
Schaefer200Subcortical	original	all	dx_apd_lifetime	NET	151	2.0	144.0	2.3551163845925456	0.09852761849465091	0.6633355024550671	0.30884288289924977	0.03167389816742402		sex, age, mean_fd, gc
Schaefer200Subcortical	original	all	dx_apd_lifetime	A4B2	151	2.0	144.0	6.364273074455079	0.002246135083289182	0.023324790462066924	-0.8729273783665483	0.08121396172983429	CTRL > PSY_noAPD	sex, age, mean_fd, gc
Schaefer200Subcortical	original	all	dx_apd_lifetime	M1	151	2.0	144.0	1.8844851944306766	0.15563441070944048	0.8306085158062511	-0.4730982782084793	0.025505831020836926		sex, age, mean_fd, gc
Schaefer200Subcortical	original	all	dx_apd_lifetime	VAChT	151	2.0	144.0	7.384726554198427	0.0008848692740915903	0.009248340652444176	-0.8387963919448749	0.0930245259351828	CTRL > PSY_APD, CTRL > PSY_noAPD	sex, age, mean_fd, gc
Schaefer200Subcortical	original	all	dx_apd_lifetime	FDOPA	151	2.0	144.0	7.318173952804342	0.000939950124467017	0.00982145958611369	-0.8558012868851665	0.0922635203019018	CTRL > PSY_APD, CTRL > PSY_noAPD	sex, age, mean_fd, gc
Schaefer200Subcortical	original	all	dx_apd_lifetime	D1	151	2.0	144.0	5.400534410211446	0.005474880895323717	0.05599158742059551	-0.7921612087767173	0.06977386462978935	CTRL > PSY_noAPD	sex, age, mean_fd, gc
Schaefer200Subcortical	original	all	dx_apd_lifetime	D23	151	2.0	144.0	6.757068749262713	0.0015670851272739418	0.01632571387241788	-0.8000454775502345	0.08579634636701698	CTRL > PSY_APD, CTRL > PSY_noAPD	sex, age, mean_fd, gc
Schaefer200Subcortical	original	all	dx_apd_lifetime	DAT	151	2.0	144.0	9.90203504836566	9.348067720133905e-05	0.0009807032726346643	-1.0422843499027254	0.12090096470152673	CTRL > PSY_APD, CTRL > PSY_noAPD	sex, age, mean_fd, gc
Schaefer200Subcortical	original	all	dx_apd_lifetime	5HT1a	151	2.0	144.0	8.22449465519168	0.00041479781120905035	0.004345000644508601	-0.5607016457801801	0.10251849750554257	CTRL > PSY_APD	sex, age, mean_fd, gc
Schaefer200Subcortical	original	all	dx_apd_lifetime	5HT1b	151	2.0	144.0	5.731827581393222	0.004025505996974116	0.04145185700624776	-0.568669817078278	0.07373848987908342	CTRL > PSY_APD	sex, age, mean_fd, gc
Schaefer200Subcortical	original	all	dx_apd_lifetime	5HT2a	151	2.0	144.0	6.552656467185141	0.0018895423875873753	0.01965497049224396	-0.82390287374965	0.08341737583276346	CTRL > PSY_noAPD	sex, age, mean_fd, gc
Schaefer200Subcortical	original	all	dx_apd_lifetime	5HT4	151	2.0	144.0	6.838448081054816	0.0014547854244999678	0.015163860062427648	-0.7629370515291526	0.08674001388287249		sex, age, mean_fd, gc
Schaefer200Subcortical	original	all	dx_apd_lifetime	5HT6	151	2.0	144.0	6.921344717106371	0.0013487685732077957	0.014065869534697462	-0.7607790189146116	0.08769927504296764		sex, age, mean_fd, gc
Schaefer200Subcortical	original	all	dx_apd_lifetime	5HTT	151	2.0	144.0	6.088483358806152	0.00289518691045701	0.029972525728842347	-0.7831623065691269	0.07796903073184792	CTRL > PSY_APD, CTRL > PSY_noAPD	sex, age, mean_fd, gc
Schaefer200Subcortical	original	all	dx_apd_lifetime	MOR	151	2.0	144.0	8.704929930770971	0.00026985786389153885	0.002828702228418689	-0.9814101154440242	0.10786119185331176	CTRL > PSY_APD, CTRL > PSY_noAPD	sex, age, mean_fd, gc
Schaefer200Subcortical	original	all	dx_apd_lifetime	KOR	151	2.0	144.0	4.430870355938618	0.013570185148183348	0.1335950429893077	-0.6652843467551575	0.05797226088495462	CTRL > PSY_APD, CTRL > PSY_noAPD	sex, age, mean_fd, gc
Schaefer200Subcortical	original	all	dx_apd_lifetime	CB1	151	2.0	144.0	3.2296058342342038	0.04245678716982703	0.3657720912336542	-0.6503960923386314	0.0429299847901706		sex, age, mean_fd, gc
Schaefer200Subcortical	inverted	all	dx	CMRglu	151	1.0	143.0	3.220683808566627	0.07482564893392601	0.5173654297530705	-0.3484644334647833	0.022026184837045177		sex, age, mean_fd, gc, apd_chlor_equiv
Schaefer200Subcortical	inverted	all	dx	SV2A	151	1.0	143.0	0.2784637641473076	0.598527724565622	0.9998061497227438	-0.10070333915545635	0.0019435144461465662		sex, age, mean_fd, gc, apd_chlor_equiv
Schaefer200Subcortical	inverted	all	dx	HDAC	151	1.0	143.0	1.0661946523853687	0.30354972307676653	0.9662431789063943	-0.19865430742472334	0.00740072752638445		sex, age, mean_fd, gc, apd_chlor_equiv
Schaefer200Subcortical	inverted	all	dx	VMAT2	151	1.0	143.0	3.4595420036498457	0.0649420251869531	0.4668536808545031	-0.354538001145551	0.02362114449028956		sex, age, mean_fd, gc, apd_chlor_equiv
Schaefer200Subcortical	inverted	all	dx	mGluR5	151	1.0	143.0	0.25504672105230747	0.6143211522737847	0.9998668923069771	-0.09672571237234515	0.001780368139832009		sex, age, mean_fd, gc, apd_chlor_equiv
Schaefer200Subcortical	inverted	all	dx	NMDA	151	1.0	143.0	3.8835546686769438	0.05069226625352488	0.3857106862095093	-0.3753142118997084	0.02643968330857066		sex, age, mean_fd, gc, apd_chlor_equiv
Schaefer200Subcortical	inverted	all	dx	GABAa	151	1.0	143.0	0.8181888383073551	0.36723161093179135	0.9862509640989189	-0.15289777201376864	0.005689049799029472		sex, age, mean_fd, gc, apd_chlor_equiv
Schaefer200Subcortical	inverted	all	dx	GABAa5	151	1.0	143.0	0.060547244661612556	0.8059859156869746	0.9999997866077246	0.04615189577901232	0.00042322810745344685		sex, age, mean_fd, gc, apd_chlor_equiv
Schaefer200Subcortical	inverted	all	dx	NET	151	1.0	143.0	0.12003720648681332	0.7295034093897157	0.99999520161522	-0.06569752882580404	0.0008387169877103186		sex, age, mean_fd, gc, apd_chlor_equiv
Schaefer200Subcortical	inverted	all	dx	A4B2	151	1.0	143.0	2.423757714271267	0.12171836425943938	0.7035022849232659	-0.30711122006068436	0.016666862088885563		sex, age, mean_fd, gc, apd_chlor_equiv
Schaefer200Subcortical	inverted	all	dx	M1	151	1.0	143.0	0.6647121325335856	0.4162571364114672	0.993540302096999	-0.15662816948641523	0.0046268295301380305		sex, age, mean_fd, gc, apd_chlor_equiv
Schaefer200Subcortical	inverted	all	dx	VAChT	151	1.0	143.0	1.6045853011954023	0.20731392763569842	0.8865283126805051	-0.24367354934506577	0.011096365290583476		sex, age, mean_fd, gc, apd_chlor_equiv
Schaefer200Subcortical	inverted	all	dx	FDOPA	151	1.0	143.0	4.142937104888219	0.04365548684380453	0.34171187355513355	-0.3821330784805584	0.028155867936325074	CTRL > PSY	sex, age, mean_fd, gc, apd_chlor_equiv
Schaefer200Subcortical	inverted	all	dx	D1	151	1.0	143.0	2.1417686942068563	0.14553119218660673	0.7708062839393229	-0.28220655967521896	0.014756391033922562		sex, age, mean_fd, gc, apd_chlor_equiv
Schaefer200Subcortical	inverted	all	dx	D23	151	1.0	143.0	1.0106379258714697	0.3164481279434123	0.971665551461961	-0.19290739348312247	0.007017800493264176		sex, age, mean_fd, gc, apd_chlor_equiv
Schaefer200Subcortical	inverted	all	dx	DAT	151	1.0	143.0	12.94411035738581	0.00044135326304182	0.0041265034614555995	-0.675140639380702	0.08300480427071642	CTRL > PSY	sex, age, mean_fd, gc, apd_chlor_equiv
Schaefer200Subcortical	inverted	all	dx	5HT1a	151	1.0	143.0	0.8162229789251919	0.3678061920756006	0.9863674644461897	-0.16975458280946104	0.005675458317694806		sex, age, mean_fd, gc, apd_chlor_equiv
Schaefer200Subcortical	inverted	all	dx	5HT1b	151	1.0	143.0	0.08890700453253629	0.7660040985225938	0.9999987657215255	-0.056707445032163926	0.0006213409997584231		sex, age, mean_fd, gc, apd_chlor_equiv
Schaefer200Subcortical	inverted	all	dx	5HT2a	151	1.0	143.0	0.1051465800560831	0.7462126482999478	0.9999973593702622	-0.05804017508524434	0.0007347505143517803		sex, age, mean_fd, gc, apd_chlor_equiv
Schaefer200Subcortical	inverted	all	dx	5HT4	151	1.0	143.0	0.1070263389422171	0.7440337413187477	0.999997139219237	-0.06256576940647977	0.0007478761992351814		sex, age, mean_fd, gc, apd_chlor_equiv
Schaefer200Subcortical	inverted	all	dx	5HT6	151	1.0	143.0	0.5231282489693174	0.47069170029096685	0.9974177593224361	-0.13659476305128923	0.0036449055657555604		sex, age, mean_fd, gc, apd_chlor_equiv
Schaefer200Subcortical	inverted	all	dx	5HTT	151	1.0	143.0	2.8373075411790496	0.09427981395327831	0.6044822939624432	-0.3270855323361575	0.01945529294949373		sex, age, mean_fd, gc, apd_chlor_equiv
Schaefer200Subcortical	inverted	all	dx	MOR	151	1.0	143.0	1.1212649154099539	0.29143160850964833	0.9603233086889204	-0.2042213049337577	0.007780010230052208		sex, age, mean_fd, gc, apd_chlor_equiv
Schaefer200Subcortical	inverted	all	dx	KOR	151	1.0	143.0	0.6779686610686377	0.41165815057486865	0.9930475767633739	-0.16037813244917135	0.004718668195177108		sex, age, mean_fd, gc, apd_chlor_equiv
Schaefer200Subcortical	inverted	all	dx	CB1	151	1.0	143.0	0.1563356138090019	0.6931421003099685	0.9999843622642536	0.0744569931193127	0.0010920621370942778		sex, age, mean_fd, gc, apd_chlor_equiv
Schaefer200Subcortical	inverted	off_med	dx	CMRglu	110	1.0	104.0	4.766514753640395	0.0312669824539995	0.2566172694179488	-0.44157281847785607	0.043823365715419886	CTRL > PSY	sex, age, mean_fd, gc
Schaefer200Subcortical	inverted	off_med	dx	SV2A	110	1.0	104.0	0.11401727019370055	0.7362966735854883	0.9999960554666326	-0.06637138127594945	0.0010951193046158827		sex, age, mean_fd, gc
Schaefer200Subcortical	inverted	off_med	dx	HDAC	110	1.0	104.0	1.3007849550706272	0.2566895591918271	0.9372884205545899	-0.23318567544077412	0.012353041391150519		sex, age, mean_fd, gc
Schaefer200Subcortical	inverted	off_med	dx	VMAT2	110	1.0	104.0	3.6534252761373627	0.05870678171550967	0.4315178436460865	-0.37942606266288464	0.03393691623620997		sex, age, mean_fd, gc
Schaefer200Subcortical	inverted	off_med	dx	mGluR5	110	1.0	104.0	0.4942658574375119	0.48360137397737823	0.997907541192502	-0.1333786794361057	0.0047300763671744754		sex, age, mean_fd, gc
Schaefer200Subcortical	inverted	off_med	dx	NMDA	110	1.0	104.0	3.719485043613082	0.05650727063001348	0.41899581178470413	-0.3838841212286148	0.034529361536653744		sex, age, mean_fd, gc
Schaefer200Subcortical	inverted	off_med	dx	GABAa	110	1.0	104.0	0.8131127337439069	0.369285150581524	0.9864667975132553	-0.16423354682971683	0.007757738631515048		sex, age, mean_fd, gc
Schaefer200Subcortical	inverted	off_med	dx	GABAa5	110	1.0	104.0	0.006523713704203319	0.9357804847637927	0.9999999999925984	0.015397179675172831	6.272408182933755e-05		sex, age, mean_fd, gc
Schaefer200Subcortical	inverted	off_med	dx	NET	110	1.0	104.0	0.2516685053429786	0.6169630233597594	0.9998713331760196	-0.09922507581532398	0.002414047745721023		sex, age, mean_fd, gc
Schaefer200Subcortical	inverted	off_med	dx	A4B2	110	1.0	104.0	3.3338646449214373	0.07073648689018269	0.4958381637301381	-0.368796277594781	0.031060696975278263		sex, age, mean_fd, gc
Schaefer200Subcortical	inverted	off_med	dx	M1	110	1.0	104.0	0.42613504199513574	0.5153319646144584	0.9988423991325139	-0.12996747320525748	0.004080731723181796		sex, age, mean_fd, gc
Schaefer200Subcortical	inverted	off_med	dx	VAChT	110	1.0	104.0	1.7496535331560659	0.1888215247194117	0.8582303889136811	-0.26351654949512987	0.016545241281641556		sex, age, mean_fd, gc
Schaefer200Subcortical	inverted	off_med	dx	FDOPA	110	1.0	104.0	4.570561710009336	0.034868522292277195	0.28202117336605637	-0.41645636169365957	0.04209761502585988	CTRL > PSY	sex, age, mean_fd, gc
Schaefer200Subcortical	inverted	off_med	dx	D1	110	1.0	104.0	2.418929507654765	0.1229147868074683	0.7060432502728371	-0.3080677232443285	0.022730255968988772		sex, age, mean_fd, gc
Schaefer200Subcortical	inverted	off_med	dx	D23	110	1.0	104.0	1.134008631785016	0.289388041186466	0.958794127924228	-0.2101460776368542	0.010786315927101183		sex, age, mean_fd, gc
Schaefer200Subcortical	inverted	off_med	dx	DAT	110	1.0	104.0	12.023620954856439	0.0007651868757098947	0.007120439227592312	-0.6736536486969891	0.10363080255472032	CTRL > PSY	sex, age, mean_fd, gc
Schaefer200Subcortical	inverted	off_med	dx	5HT1a	110	1.0	104.0	1.1567967573739901	0.28461969668868276	0.9561395684779485	-0.20746370548794857	0.011000684625674195		sex, age, mean_fd, gc
Schaefer200Subcortical	inverted	off_med	dx	5HT1b	110	1.0	104.0	0.12358577506540755	0.725888749142739	0.9999943384919728	-0.06974406715827836	0.001186914320568883		sex, age, mean_fd, gc
Schaefer200Subcortical	inverted	off_med	dx	5HT2a	110	1.0	104.0	0.09976808310760547	0.7527411288077575	0.9999978375377961	-0.060035625056209116	0.0009583891006169779		sex, age, mean_fd, gc
Schaefer200Subcortical	inverted	off_med	dx	5HT4	110	1.0	104.0	0.2590443733044289	0.6118555648265556	0.999854397486957	-0.09927404209339445	0.00248462255588022		sex, age, mean_fd, gc
Schaefer200Subcortical	inverted	off_med	dx	5HT6	110	1.0	104.0	0.5282846531775246	0.46896178710247305	0.9972836057907484	-0.14539296451822264	0.005053987587477983		sex, age, mean_fd, gc
Schaefer200Subcortical	inverted	off_med	dx	5HTT	110	1.0	104.0	2.5922670795286296	0.11041774908429014	0.6645390892211134	-0.3255330936369118	0.024319466604407012		sex, age, mean_fd, gc
Schaefer200Subcortical	inverted	off_med	dx	MOR	110	1.0	104.0	2.387609994809732	0.12533807115269285	0.7135382938022687	-0.30373619813753977	0.022442556938032678		sex, age, mean_fd, gc
Schaefer200Subcortical	inverted	off_med	dx	KOR	110	1.0	104.0	0.8275189925159256	0.3650943436815345	0.985603731528146	-0.18174870852162464	0.007894100713907056		sex, age, mean_fd, gc
Schaefer200Subcortical	inverted	off_med	dx	CB1	110	1.0	104.0	0.012828802504666437	0.9100393684642207	0.9999999998278664	0.022322003677595275	0.00012333865593661765		sex, age, mean_fd, gc
Schaefer200Subcortical	inverted	all	dx_apd_current	CMRglu	151	2.0	144.0	2.2816867635303955	0.10579210036875461	0.6491451463615554	-0.3972260358252894	0.030716679479747905		sex, age, mean_fd, gc
Schaefer200Subcortical	inverted	all	dx_apd_current	SV2A	151	2.0	144.0	2.590569312272748	0.07846886395968565	0.5348773201991054	-0.05983009747890562	0.03473052071002907		sex, age, mean_fd, gc
Schaefer200Subcortical	inverted	all	dx_apd_current	HDAC	151	2.0	144.0	1.5624276464304332	0.21315912306507442	0.8941284586816145	-0.2053407839924338	0.021239479125676315		sex, age, mean_fd, gc
Schaefer200Subcortical	inverted	all	dx_apd_current	VMAT2	151	2.0	144.0	1.933087620108361	0.14843728214455146	0.7780047776726522	-0.3550627161872448	0.026146447853512868		sex, age, mean_fd, gc
Schaefer200Subcortical	inverted	all	dx_apd_current	mGluR5	151	2.0	144.0	1.3014486311896387	0.2753186303331177	0.9510213732926269	-0.13747459006131135	0.017754746399866846		sex, age, mean_fd, gc
Schaefer200Subcortical	inverted	all	dx_apd_current	NMDA	151	2.0	144.0	2.107415474552515	0.1252851780864454	0.7145914306001941	-0.35642460670644943	0.02843730902039315		sex, age, mean_fd, gc
Schaefer200Subcortical	inverted	all	dx_apd_current	GABAa	151	2.0	144.0	0.6041546105029482	0.5479156322427179	0.9994105288712576	-0.15974183160758362	0.008321212659854468		sex, age, mean_fd, gc
Schaefer200Subcortical	inverted	all	dx_apd_current	GABAa5	151	2.0	144.0	0.17886647142675385	0.8364030510476865	0.999999956800224	-0.009532633550266286	0.002478100310671424		sex, age, mean_fd, gc
Schaefer200Subcortical	inverted	all	dx_apd_current	NET	151	2.0	144.0	0.2784932016914791	0.7573301538407151	0.9999982642721994	-0.07380200790229652	0.0038530576573359136		sex, age, mean_fd, gc
Schaefer200Subcortical	inverted	all	dx_apd_current	A4B2	151	2.0	144.0	1.5153823235702994	0.2232070415891339	0.9061365695629261	-0.3493710810127407	0.02061313259448889		sex, age, mean_fd, gc
Schaefer200Subcortical	inverted	all	dx_apd_current	M1	151	2.0	144.0	2.9227412513821025	0.056984442928476334	0.42280875907774185	-0.12038505686481571	0.039010068272537834		sex, age, mean_fd, gc
Schaefer200Subcortical	inverted	all	dx_apd_current	VAChT	151	2.0	144.0	1.9444295519739951	0.1468068816891522	0.7739914939445973	-0.22916801566155978	0.026295821926752387		sex, age, mean_fd, gc
Schaefer200Subcortical	inverted	all	dx_apd_current	FDOPA	151	2.0	144.0	2.2883991548357785	0.10510606003730227	0.6466156704750821	-0.39632125832768195	0.03080425989616732		sex, age, mean_fd, gc
Schaefer200Subcortical	inverted	all	dx_apd_current	D1	151	2.0	144.0	1.8610733816578695	0.15922654926680008	0.8029970147630647	-0.2901116264024172	0.025196944702404436		sex, age, mean_fd, gc
Schaefer200Subcortical	inverted	all	dx_apd_current	D23	151	2.0	144.0	2.2811687976921906	0.10584522741069136	0.6493403528727226	-0.20771426404751242	0.030709920624768947		sex, age, mean_fd, gc
Schaefer200Subcortical	inverted	all	dx_apd_current	DAT	151	2.0	144.0	5.9817352185257135	0.003194856264106573	0.029529162180011448	-0.6687044598351704	0.07670687503635677	CTRL > PSY_noAPD	sex, age, mean_fd, gc
Schaefer200Subcortical	inverted	all	dx_apd_current	5HT1a	151	2.0	144.0	0.881052847174551	0.41656791465409393	0.9935724440130274	-0.25220484586197794	0.012088914920343492		sex, age, mean_fd, gc
Schaefer200Subcortical	inverted	all	dx_apd_current	5HT1b	151	2.0	144.0	0.06051099694436038	0.9413073392420186	0.9999999999970799	-0.03468753861147914	0.0008397247827860433		sex, age, mean_fd, gc
Schaefer200Subcortical	inverted	all	dx_apd_current	5HT2a	151	2.0	144.0	0.19302049319086148	0.8246780377234694	0.9999999173843828	-0.08261554182499972	0.0026736724945462956		sex, age, mean_fd, gc
Schaefer200Subcortical	inverted	all	dx_apd_current	5HT4	151	2.0	144.0	0.3192888014724618	0.7271787677755869	0.9999948011644316	-0.11204372862642843	0.004414988127841778		sex, age, mean_fd, gc
Schaefer200Subcortical	inverted	all	dx_apd_current	5HT6	151	2.0	144.0	0.3130328732509356	0.731722192135096	0.9999955578921383	-0.1461249581673875	0.004328858309671706		sex, age, mean_fd, gc
Schaefer200Subcortical	inverted	all	dx_apd_current	5HTT	151	2.0	144.0	1.5254428360793608	0.2210187011778394	0.9036303032147873	-0.3403866663666377	0.020747142448094405		sex, age, mean_fd, gc
Schaefer200Subcortical	inverted	all	dx_apd_current	MOR	151	2.0	144.0	0.9946752669716727	0.3723700315998696	0.9872619497671115	-0.2731940744995149	0.013626682539976164		sex, age, mean_fd, gc
Schaefer200Subcortical	inverted	all	dx_apd_current	KOR	151	2.0	144.0	1.1549955076027354	0.317960088117484	0.9722472068633115	-0.16975114429977614	0.01578833406507011		sex, age, mean_fd, gc
Schaefer200Subcortical	inverted	all	dx_apd_current	CB1	151	2.0	144.0	0.5680132922837166	0.5679144671542447	0.999614162511414	0.012776879441507606	0.00782732317606543		sex, age, mean_fd, gc
Schaefer200Subcortical	inverted	all	dx_apd_lifetime	CMRglu	151	2.0	144.0	7.777292474989642	0.0006203412403755925	0.005795640734732599	0.2245721236184051	0.09748754606366015	CTRL > PSY_APD, PSY_APD < PSY_noAPD	sex, age, mean_fd, gc
Schaefer200Subcortical	inverted	all	dx_apd_lifetime	SV2A	151	2.0	144.0	7.671792682071065	0.0006823533310062028	0.006373346118710099	0.4358990560173362	0.0962924571395704	PSY_APD < PSY_noAPD	sex, age, mean_fd, gc
Schaefer200Subcortical	inverted	all	dx_apd_lifetime	HDAC	151	2.0	144.0	6.250461619871253	0.002493919032606005	0.02311814591961392	0.2959748608953839	0.07987763254656614	CTRL > PSY_APD, PSY_APD < PSY_noAPD	sex, age, mean_fd, gc
Schaefer200Subcortical	inverted	all	dx_apd_lifetime	VMAT2	151	2.0	144.0	3.5750825134822786	0.03052659619405581	0.25203270064994554	-0.009315014552049583	0.047305042807521895	CTRL > PSY_APD	sex, age, mean_fd, gc
Schaefer200Subcortical	inverted	all	dx_apd_lifetime	mGluR5	151	2.0	144.0	4.933515062593074	0.008464831102108744	0.07653929972174411	0.3004610605796461	0.0641269940490717	PSY_APD < PSY_noAPD	sex, age, mean_fd, gc
Schaefer200Subcortical	inverted	all	dx_apd_lifetime	NMDA	151	2.0	144.0	5.885636096795271	0.003491475664098671	0.03223081044538478	0.13702797462793478	0.07556767064829102	CTRL > PSY_APD, PSY_APD < PSY_noAPD	sex, age, mean_fd, gc
Schaefer200Subcortical	inverted	all	dx_apd_lifetime	GABAa	151	2.0	144.0	0.7472330058043648	0.475502972359211	0.9976294424038821	0.09391945524537137	0.010271634740317125		sex, age, mean_fd, gc
Schaefer200Subcortical	inverted	all	dx_apd_lifetime	GABAa5	151	2.0	144.0	0.7122036836856243	0.492281642311429	0.9982518133010776	0.15955994074163998	0.009794830133107639		sex, age, mean_fd, gc
Schaefer200Subcortical	inverted	all	dx_apd_lifetime	NET	151	2.0	144.0	1.7671150854840592	0.17450914829153447	0.8340990034474534	-0.43774935703695367	0.02395532322819268		sex, age, mean_fd, gc
Schaefer200Subcortical	inverted	all	dx_apd_lifetime	A4B2	151	2.0	144.0	4.4994788318693155	0.012721239791550782	0.11301168676589135	0.2197834220976663	0.05881711745720879	PSY_APD < PSY_noAPD	sex, age, mean_fd, gc
Schaefer200Subcortical	inverted	all	dx_apd_lifetime	M1	151	2.0	144.0	6.299776983499893	0.0023833176922105413	0.022103099374622404	0.2941771722221519	0.08045715104434391	PSY_APD < PSY_noAPD	sex, age, mean_fd, gc
Schaefer200Subcortical	inverted	all	dx_apd_lifetime	VAChT	151	2.0	144.0	2.2084693886076288	0.11357679658276733	0.6767358022050535	-0.5272833161219408	0.029760341465103306		sex, age, mean_fd, gc
Schaefer200Subcortical	inverted	all	dx_apd_lifetime	FDOPA	151	2.0	144.0	2.947148344064639	0.05566363987285915	0.41519178332479467	-0.13679129499516904	0.03932302174506997		sex, age, mean_fd, gc
Schaefer200Subcortical	inverted	all	dx_apd_lifetime	D1	151	2.0	144.0	4.174579956607597	0.017282829256859915	0.15066572704883407	0.07329914681477954	0.0548027958800117	CTRL > PSY_APD	sex, age, mean_fd, gc
Schaefer200Subcortical	inverted	all	dx_apd_lifetime	D23	151	2.0	144.0	3.4919337472429475	0.0330445724107685	0.270033076670084	0.048042840769615354	0.04625571996783666		sex, age, mean_fd, gc
Schaefer200Subcortical	inverted	all	dx_apd_lifetime	DAT	151	2.0	144.0	5.347886127164067	0.005749782304978675	0.05258047778329922	-0.5150294126922199	0.06914068884018182	CTRL > PSY_APD	sex, age, mean_fd, gc
Schaefer200Subcortical	inverted	all	dx_apd_lifetime	5HT1a	151	2.0	144.0	0.8434903421042236	0.4323206204249863	0.9950260741796905	-0.2489576363039004	0.011579488271948964		sex, age, mean_fd, gc
Schaefer200Subcortical	inverted	all	dx_apd_lifetime	5HT1b	151	2.0	144.0	0.9790555421061162	0.3781521383168872	0.9883197456831017	0.20112781773894436	0.013415568820854894		sex, age, mean_fd, gc
Schaefer200Subcortical	inverted	all	dx_apd_lifetime	5HT2a	151	2.0	144.0	0.8451646123315165	0.43160578023131557	0.9949670959598969	0.1912011538915431	0.011602206087793556		sex, age, mean_fd, gc
Schaefer200Subcortical	inverted	all	dx_apd_lifetime	5HT4	151	2.0	144.0	1.638660670421668	0.19784100514732827	0.8731724221262935	0.17227338747424772	0.022252722354031983		sex, age, mean_fd, gc
Schaefer200Subcortical	inverted	all	dx_apd_lifetime	5HT6	151	2.0	144.0	1.4549589082334289	0.23682039119225787	0.9204624540380567	0.14349618916009055	0.019807497408733086		sex, age, mean_fd, gc
Schaefer200Subcortical	inverted	all	dx_apd_lifetime	5HTT	151	2.0	144.0	2.21271707109344	0.11310969249829962	0.6751366663546428	-0.5361255798984118	0.029815874669751368		sex, age, mean_fd, gc
Schaefer200Subcortical	inverted	all	dx_apd_lifetime	MOR	151	2.0	144.0	1.0652442250431176	0.3473435530637229	0.9816277415171746	-0.13783312881650073	0.01457935624990363		sex, age, mean_fd, gc
Schaefer200Subcortical	inverted	all	dx_apd_lifetime	KOR	151	2.0	144.0	1.0409339200426173	0.355766358559268	0.9837324753554512	-0.12980758894110914	0.014251377469818777		sex, age, mean_fd, gc
Schaefer200Subcortical	inverted	all	dx_apd_lifetime	CB1	151	2.0	144.0	0.2091537665997522	0.8115164940532543	0.9999998372463145	0.0278731173004728	0.0028964993451633		sex, age, mean_fd, gc
