parc,measure,metric,stat,variable,CMRglu,SV2A,HDAC,VMAT2,mGluR5,NMDA,GABAa,GABAa5,NET,A4B2,M1,VAChT,FDOPA,D1,D23,DAT,5HT1a,5HT1b,5HT2a,5HT4,5HT6,5HTT,MOR,KOR,CB1
Schaefer100,pearson,original,auc,sac,0.23226991244928466,0.051877001921844974,-0.13680333119795005,0.2304099935938501,0.16461242793081357,0.21920777279521675,0.021787315823190264,0.3049733077087337,0.36806961349562245,0.2424460815716421,-0.004461883408071749,0.37237561392269913,0.2745633141148836,0.18116591928251122,0.3515801836429639,0.29763399530215673,0.3698793508434764,-0.060596839632714075,0.34762011531069825,0.32356395472987404,0.25723040785821055,0.22762011531069826,0.444534486440316,0.35138479607089473,0.4067755712150331
Schaefer100,pearson,original,auc,gc,-0.3712967340033285,-0.4373907781618682,-0.3689184438684711,-0.28669473458432365,-0.22819466958815143,-0.32718118700574966,-0.28108132924918877,-0.2964235694704386,0.4919462447727517,-0.3315325771043407,-0.3231565115115431,0.06250178505248903,-0.27372651371878903,-0.3951068615689349,-0.07555168456911977,-0.004678638550368249,-0.15860232346469125,-0.40891535823071323,-0.394860757920861,-0.29455830668004757,-0.44333089810138754,0.13764080558698596,-0.28342545315090795,-0.0447817885437746,-0.3518182441827801
Schaefer100,pearson,original,poly2,sac,0.3291778774289985,0.06802904121289771,0.162431133888533,0.20513559683963273,0.1453288490284006,0.3096092248558616,-0.004718129404228059,0.21195494341234253,0.3313527653213752,-0.008504163997437541,0.21594063634422378,0.2048270339525945,0.33093102711936795,0.11088831945334188,0.23516335682254966,0.33434550501815075,0.18260089686098654,-0.15464659406363443,0.24187486653854368,0.25846038863976084,0.18986867392696988,0.23075058723040787,0.16762438607730087,0.1589739483237241,0.022837924407431133
Schaefer100,pearson,original,poly2,gc,0.004385556331729252,-0.11348260952128372,0.10050851633442845,-0.18092141526224897,-0.2313646554065091,-0.1935394322381166,0.07894321705548325,-0.034026898968726814,0.2560086525996457,-0.025809386051586416,-0.030863853166475348,-0.19564599405004643,-0.14611456525266317,-0.2200310752576823,-0.05385345728937109,-0.12691207453418463,0.12815914204373052,0.19125563309178212,-0.03369644743259287,-0.16031437205335294,0.12472276637637311,0.19107679421519913,0.07719860377586167,-0.1604302169375873,0.08253067153499884
Schaefer100,pearson,inverted,auc,sac,0.27308349348708094,0.33550288276745677,0.30118940849882553,0.34894725603245785,0.5553224428784966,0.321203288490284,0.35238629083920564,0.42511744608157165,0.04707025411061286,0.45681827888105914,0.33143497757847534,0.49035660901131756,0.31547619047619047,0.3077183429425582,0.42660580824257954,0.08803651505445227,0.5206726457399103,0.3672175955584027,0.3180140935297886,0.43101751014307066,0.34011531069827033,0.12013666453128337,0.5225806107196241,0.6059267563527653,0.48698910954516333
Schaefer100,pearson,inverted,auc,gc,0.25102038256146214,0.4389629587336202,0.32283406768630096,0.4241374827885864,0.00961405769666611,0.3917986092758459,0.4903671241848934,0.30881149822001586,-0.6026336293454128,0.22970652540451872,0.444700750511274,-0.28794180209386955,0.388986835058047,0.4279913271171017,0.017518736041634467,-0.2600237188407822,0.03540796217386176,0.38230787032691316,0.5145157109975256,0.2304891456823416,0.5255957136347794,-0.33162279731372135,0.3707409988674393,-0.198456166725667,0.29869562397413174
Schaefer100,pearson,inverted,poly2,sac,0.24210335255178306,0.18719517403373906,0.1850726030322443,0.330857356395473,0.5343390988682468,0.32144138372837927,0.2436077300875507,0.31008434764040144,0.15639440529575058,0.20356822549647663,0.22762758915225284,0.4430952380952381,0.3450128122998078,0.33477364937006193,0.37118940849882553,-0.011069827033952595,0.40734465086483024,0.1569399957292334,0.19138052530429212,0.2997896647448217,0.248588511637839,0.08489429852658552,0.23885009609224855,0.32729874012385224,0.25895259449071106
Schaefer100,pearson,inverted,poly2,gc,-0.130907388421788,0.4150652801955971,-0.10358401116426318,0.4512574641894601,-0.15130142652096282,0.33866904905109135,-0.004793415739817036,0.12207488330815923,0.14114978449976215,-0.18069025934117303,0.44500344198298314,0.0919103702262323,0.34558984665115683,0.283152123285802,-0.05239071543314003,-0.04348934400584197,0.0015252020011869108,-0.3629633762019538,0.3376910406275091,0.1952509469793855,0.33772146992889784,-0.18869316560641383,-0.19180976668549302,-0.10551440333657394,-0.256621509406563
Schaefer100,pearson,delta,auc,sac,-0.06472240017083067,-0.23149156523595985,-0.2767040358744395,-0.14239483237241085,-0.27313367499466157,-0.1718780696134956,-0.21670403587443945,-0.1496604740550929,0.31890881913303437,-0.1439782190903267,-0.26961990177236816,0.0890422805893658,-0.03224855861627162,-0.14540896471518902,-0.026525731368780697,0.19502455690796497,-0.10765428144351911,-0.29794896433909884,-0.09613922699124493,-0.11902092675635277,-0.1553160367285928,0.08092355327781336,-0.09411701900491139,-0.16661007900918215,-0.1387241084774717
Schaefer100,pearson,delta,auc,gc,-0.43356736313474165,-0.5285735143917345,-0.4025017156537935,-0.4988205976496448,-0.1543165965954128,-0.5040138650866579,-0.46745652947612987,-0.4041966811258861,0.6144343259629265,-0.3681000558153316,-0.4740073708329953,0.1791842758461264,-0.4817962042937293,-0.5231780584410858,-0.12160883453425787,0.11569754235394893,-0.13958881472325863,-0.48704072108044977,-0.5971654305011155,-0.35545427877503916,-0.6168708054635975,0.2718772663501816,-0.44591471948246725,0.09188741478834254,-0.4404353098429214
Schaefer100,pearson,delta,poly2,sac,0.15443092035020287,-0.12534486440316037,0.006018577834721333,-0.18529681827888106,-0.44546337817638265,-0.1880226350629938,-0.18456865257313687,-0.17402199444800343,0.29088084561178734,-0.12590433482810165,-0.11905188981422166,-0.14657698056801197,-0.04324257954302797,-0.25762438607730087,-0.1905477258167841,0.30198910954516334,-0.2988020499679693,-0.1933621610079009,-0.08672538970745249,-0.07058616271620756,-0.1504537689515268,0.047028614136237455,-0.11676809737347854,-0.2295024556907965,-0.21250587230407858
Schaefer100,pearson,delta,poly2,gc,0.0699233315069869,-0.3801842253984142,0.14878059913223177,-0.4926103509293763,0.03968568133224843,-0.39060973113211356,0.00284967738268664,-0.1497399228970665,0.2143434651349503,0.08881031841632947,-0.43137325035039503,-0.22607209235443804,-0.4635487665609433,-0.33850836098586307,-0.022978393327647256,-0.06520732363912371,0.03289781173298642,0.35846998269688196,-0.30560894771069824,-0.2562643655007898,-0.26585226467520945,0.2348586865922873,0.17836108316645183,-0.013400103406297742,0.24977705198366576
Schaefer100Subcortical,pearson,original,auc,sac,0.227060644885757,0.1725400384368994,-0.17543882126841767,0.5076532137518684,0.24174674354046552,0.41856929318812724,0.08084347640401451,0.3593529788597053,0.3367947896647448,0.472752509075379,0.29256139226991246,0.5577567798419817,0.5344063634422379,0.46008007687379887,0.5007388426222507,0.5626243860773009,0.33100896860986545,0.07929532351057014,0.4399060431347427,0.4397736493700619,0.4615342729019859,0.44821268417680976,0.5233653640828528,0.31419389280375826,0.45502242152466366
Schaefer100Subcortical,pearson,original,auc,gc,-0.33017268647240333,-0.3064148505850844,-0.1713833468810991,-0.20663012477527135,-0.003913639415094157,-0.2971098805939384,-0.07565319634855248,-0.17268646975822977,0.32528637606913546,-0.18145919333049035,-0.22588548694455673,-0.005874996830324812,-0.1894071218002655,-0.22508418115243337,-0.16235597783059547,-0.11771294194364296,-0.03432962709412698,-0.19508406103640127,-0.2510158459441669,-0.290759759076745,-0.32115225744541576,-0.06410019258616637,-0.24102755056067057,0.11433581973113639,-0.2812332421810479
Schaefer100Subcortical,pearson,original,poly2,sac,0.1467734358317318,0.28559790732436474,0.020367285927824046,0.432893444373265,0.14708199871877,0.4188362161007901,0.006052743967542174,0.1272143924834508,0.3796497971385864,0.18721866325005337,0.4461189408498826,0.28555306427503735,0.44221332479180014,0.4440113175314969,0.3970713218022635,0.5299743754003844,0.17284433055733503,0.019323083493487082,0.320998291693359,0.5287251761691224,0.5129970104633782,0.3942333973948324,-0.13033205210335255,0.09296070894725603,0.26286461669869743
Schaefer100Subcortical,pearson,original,poly2,gc,-0.05443754445996199,-0.15397189557523416,0.012378866560797069,0.08547279577581234,-0.17424957659323123,-0.017676239895400712,0.052401448329943014,0.06859038780105614,-0.2005549349589064,0.1192925980654904,0.05488971368443134,0.030614045273221868,0.10656459493703932,0.07919848066933277,0.08093348654834737,-0.07289907470860285,0.07157192867314738,0.14181671131083928,-0.044829882673923314,0.03711791500369412,0.12071957366998456,-0.07576423672480942,0.25602654292276106,-0.05533707827723571,0.0789032627459189
Schaefer100Subcortical,pearson,inverted,auc,sac,0.20429745889387144,0.31250373692077726,0.2314467221866325,0.20596519325218876,0.38416613282084133,0.18543988896006833,0.5105744181080504,0.33473200939568654,0.07604527012598762,0.35740978005552,0.3197853939782191,0.49773008755071535,0.18810484732009394,0.18075272261370917,0.377706598334401,0.0671898355754858,0.3343487080931027,0.21080076873798848,0.4132094811018578,0.35216741405082214,0.26347960708947255,0.11924087123638694,0.43126841768097374,0.39860773008755074,0.38810057655349134
Schaefer100Subcortical,pearson,inverted,auc,gc,0.10095278515236195,0.12259604925913418,0.05250287944287002,0.3917579213059427,-0.1448799309212349,0.3516776839568172,0.06566917174875833,0.037330386492878065,-0.568699159327479,0.23439662501505817,0.2569976123670465,-0.14924680725672396,0.38185344005260186,0.3402052912368099,0.09575951217049918,-0.07431964413754373,-0.06990899226910724,0.1610774119597524,0.2407243249178151,0.18870778096903193,0.4444049396987616,-0.22097034875129906,0.29818505039096466,-0.22427006300920344,0.24317201782713263
Schaefer100Subcortical,pearson,inverted,poly2,sac,0.2737123638693145,0.11034593209481101,0.22823403800982275,0.21168908819133034,0.3252957505872304,0.240045910740978,0.38935831731795856,0.28845718556480887,0.04687486653854367,0.19361520392910528,0.1940860559470425,0.437127909459748,0.22423766816143498,0.13927396967755712,0.2881603672859278,0.011456331411488363,0.07455584027332907,-0.011805466581251334,0.25868994234465087,0.17148302370275464,-0.0349583600256246,0.1011157377749306,0.27852124706384795,-0.10051996583386717,0.06035554131966688
Schaefer100Subcortical,pearson,inverted,poly2,gc,-0.2025349770528341,-0.04976317169791528,-0.17532528023822028,0.32583997640653184,-0.011410466356325536,0.10073283979169917,-0.14673985722353855,-0.1426719357472028,0.062286711056624026,-0.1794775496926743,-0.028323303664959828,0.1021827708585926,0.26007791511225087,0.2281367238035735,-0.07257342745131089,-0.1699125957436575,0.058691778875305786,-0.23142843034203628,-0.29154238019017126,-0.06999280639926271,-0.18162148311117354,-0.22836093994793846,-0.09927650254925247,0.14261961864685097,-0.25475918785913626
Schaefer100Subcortical,pearson,delta,auc,sac,-0.010089686098654708,-0.10921631432842195,-0.26313794576126415,0.049978646166986974,0.014126628229767244,0.11434977578475336,-0.22625240230621396,0.033613068545803974,0.2851783045056588,0.05735746316463805,-0.053931240657698054,0.1431326073030109,0.15952274183215887,0.10805680119581465,0.010554131966688021,0.40213858637625455,0.11282938287422592,-0.1354452274183216,0.13130685458039718,-0.043086696562032886,0.08031176596199018,0.21823617339312407,-0.07683642963912023,0.08014947683109118,0.04131859918855434
Schaefer100Subcortical,pearson,delta,auc,gc,-0.28563321709022893,-0.2964142766984442,-0.14067961515013125,-0.4523715528472339,0.06589872637275103,-0.446933243650458,-0.09774756198386853,-0.15155036121609256,0.524302761199328,-0.327127617692742,-0.35552085544082523,0.06560777923303936,-0.4368856911430937,-0.4080669765686799,-0.22043062846093484,-0.051867600367169295,-0.003169455354987588,-0.25042861318511583,-0.36334119424749745,-0.33905805196480915,-0.5465369950008907,0.08086515400911233,-0.385835412006931,0.20687943177388668,-0.34442589323049894
Schaefer100Subcortical,pearson,delta,poly2,sac,-0.09368994234465086,0.14753897074524877,-0.14407004057228273,0.022384155455904334,-0.15665171898355754,0.09221652786675208,-0.24296925048046125,-0.17505979073243647,0.2978742259235533,0.03894405295750587,0.20077941490497545,-0.11269698910954516,0.1393796711509716,0.172522955370489,0.02587657484518471,0.38605915011744607,0.07173286354900704,0.05726457399103139,0.09536194746957079,0.17088191330343797,0.3993711296177664,0.19047298740123852,-0.3016837497330771,0.1114093529788597,0.08431988041853512
Schaefer100Subcortical,pearson,delta,poly2,gc,0.11927017645105391,-0.06308161067319411,0.11208778595989624,-0.2963219210008844,-0.12921736554141666,-0.0822270001621481,0.10915482525241742,0.1384299798350028,-0.2071201972050976,0.2040185405413823,0.045562855926811634,-0.03554306351351164,-0.16704743372745093,-0.15730844534256994,0.07829894685205906,0.07487591371475394,-0.008458287122186853,0.2835090360463523,0.1440935728720692,0.07338701174657804,0.18364476689008596,0.13195173480674366,0.18520733987712465,-0.1423361453786181,0.24763018216425597
Schaefer200,pearson,original,auc,sac,0.04752188767883835,0.031946401879137304,-0.1431699765107837,0.21262652146060218,0.27732222934016654,0.0998398462524023,-0.09286354900704677,0.3574514200298954,0.514699978646167,0.2597501601537476,-0.008978219090326714,0.5178336536408286,0.29484945547725816,0.15999893230834936,0.36480247704462954,0.3299145846679479,0.37586696562032884,-0.10432415118513773,0.3640625667307282,0.3075250907537903,0.22501601537475976,0.3060719624172539,0.479699978646167,0.5173777493060004,0.42301089045483664
Schaefer200,pearson,original,auc,gc,-0.5128501345764643,-0.4634712806899058,-0.5233706876116486,-0.27879011771985607,-0.12903759655150315,-0.3799917840759677,-0.5235618053863782,-0.2960643885430404,0.5654016502932405,-0.2693169755059551,-0.5138874022756251,0.17647964796119314,-0.29305188127265197,-0.3751556502176567,-0.12571599098064423,0.013463659996313422,-0.1667577323310241,-0.4710070865784054,-0.36982357107240776,-0.3001712853055955,-0.5062266758304588,0.19133718647655393,-0.26876284072894585,0.049232045540048376,-0.3742993571711029
Schaefer200,pearson,original,poly2,sac,0.18795109972240018,0.1526105060858424,0.20063100576553491,0.23860879777920135,0.11204676489429853,0.29717488789237667,0.0005904334828101645,0.18682041426436044,0.5508157164210976,0.15183642963912022,0.07059470424941278,0.24955584027332905,0.38448857569933803,0.1457975656630365,0.2509673286354901,0.43682041426436047,0.2349797138586376,-0.27460602178090965,0.21353299167200512,0.26126094383941917,-0.015062993807388425,0.2375250907537903,0.24210762331838565,0.34688020499679695,0.11552637198377108
Schaefer200,pearson,original,poly2,gc,-0.1362077161950593,0.031104684761506803,0.07304596088959434,-0.1434915455760942,-0.04277514753626523,-0.1110773303637168,0.0792327315357988,0.13271634679078134,0.2726791535653041,0.03554043222024464,-0.07421829226754455,-0.16764018395568334,0.025138927407866735,-0.10864831953963963,-0.0006731829998156712,-0.07545201622676265,0.14087034928022193,0.04839070025241198,0.18334120315281155,-0.03262188229162269,0.1874801308273325,0.09876891859230512,0.08800813371737691,-0.10672806636728675,0.2599719569399176
Schaefer200,pearson,inverted,auc,sac,0.3310805039504591,0.5106406149903908,0.3850758061071962,0.47153747597693785,0.49341234251548155,0.5119944480034166,0.5366346359171471,0.5161541746743541,-0.01771086910100363,0.44741191543882125,0.5339109545163356,0.35397821909032673,0.49741298313047194,0.4614862267777066,0.5654527012598761,0.2612406576980568,0.5434764040145206,0.42308456117873156,0.5055028827674568,0.5325261584454409,0.5381123211616485,0.08112641469143711,0.5151718983557548,0.5653939782190903,0.4956576980568012
Schaefer200,pearson,inverted,auc,gc,0.33857421335852184,0.4995327490781283,0.4115288861490135,0.4979418804504909,0.2217067618084444,0.448351088696425,0.5795085977715349,0.4537050556315173,-0.704280744546252,0.4267473062725229,0.4534199805150212,-0.3075560120593228,0.4788541261615065,0.4904631963549971,0.2508089807235526,-0.09246149817769596,0.2224183819026191,0.5135024974835022,0.5700573433474773,0.3617960906852323,0.5344042690868194,-0.4217435439749239,0.4763247518132697,-0.09600144779845544,0.4317580086010478
Schaefer200,pearson,inverted,poly2,sac,0.2519666880204997,0.5184454409566517,0.23582746102925475,0.4675677984198164,0.46982276318599187,0.5295462310484732,0.1684657270980141,0.44969036942131113,0.13646060217809097,0.20870916079436258,0.5375571215033098,0.3041148836216101,0.5118033311979501,0.47321909032671367,0.5288532991672005,0.10943625880845612,0.2960516762758915,-0.03551462737561392,0.3591148836216101,0.4606043134742686,0.4171236386931454,0.09075485799701047,0.19088725176169122,0.4268385650224215,0.08656203288490284
Schaefer200,pearson,inverted,poly2,gc,-0.2176286928666586,0.4136498663696857,-0.11331362186746607,0.49127784921599527,-0.07531855409357159,0.3356732804314811,-0.29839410354002344,0.29528016504840976,0.3745171673724707,-0.014600757371101194,0.3194079833352211,0.053393928701478174,0.4162902812127375,0.34044962325412254,0.16496613665506737,0.12296987412810513,-0.11488900888765326,-0.4669274160910213,0.028849174710578008,0.1503696500722283,0.09039443665883293,-0.26660342341391463,-0.22497605022309244,-0.07252652626721476,-0.41265370500754767
Schaefer200,pearson,delta,auc,sac,-0.22677877428998505,-0.3903555413196669,-0.3291533205210335,-0.30813581037796284,-0.17567905188981423,-0.37294896433909885,-0.43905829596412554,-0.2779297458893871,0.45873798846893016,-0.16462417253897074,-0.44787529361520395,0.2907537903053598,-0.285881913303438,-0.3012470638479607,-0.2478913089899637,0.14457505872304077,-0.16434550501815076,-0.3369111680546658,-0.24441276959214178,-0.27069399957292334,-0.32738202007260303,0.16336109331625026,-0.1520691864189622,0.055565876574845185,-0.1616421097587017
Schaefer200,pearson,delta,auc,gc,-0.5606423906236476,-0.5711116941996865,-0.5384316224179926,-0.5654048533844371,-0.23134539706750223,-0.5528482020452902,-0.6396210102578507,-0.5249386007523771,0.6614692953097587,-0.45388015795026393,-0.5381412088161689,0.26418295416636167,-0.5578311442501113,-0.5631877804278673,-0.3410886399478413,0.05519353210542633,-0.27780730257103714,-0.6111220401847659,-0.6688913914607796,-0.4712948309375653,-0.6550059911235825,0.38079148917804845,-0.5401725024833367,0.0880529769941291,-0.5399482860995757
Schaefer200,pearson,delta,poly2,sac,-0.02838778560751655,-0.3911990177236814,-0.046979500320307496,-0.3431678411274824,-0.31009929532351055,-0.4149519538757207,-0.07540145206064489,-0.4039333760409994,0.5138362161007901,0.01034699978646167,-0.5129692504804613,0.07857783472133248,-0.4232724749092462,-0.42292333973948326,-0.3916004697843263,0.36423339739483235,-0.0838842622250694,-0.1618673926969891,-0.1556555626734999,-0.3209299594277173,-0.3867382020072603,0.05525731368780696,0.00022955370489002777,-0.1326937860345932,-0.04187913730514627
Schaefer200,pearson,delta,poly2,gc,0.01529742970635849,-0.35918023287468764,0.13111266579835765,-0.5268919525337614,0.017741922137885814,-0.36539476364459583,0.20047080102361683,-0.2707658404238772,0.20336372622266607,0.047459668411271194,-0.32699877562259544,-0.18922795092360253,-0.45330253383781305,-0.37089927586592764,-0.18040129928287904,-0.1320458330336295,0.15424005193476883,0.32380155675987055,0.06948839426725363,-0.20776317198117594,-0.01858807206231709,0.26121475632419267,0.2269619667649753,-0.042035233469854036,0.4162486410271819
Schaefer200Subcortical,pearson,original,auc,sac,0.11191650651291907,0.10688767883835149,-0.14212577407644672,0.3359021994448003,0.3615876574845185,0.2158883194533419,-0.047436472346786246,0.4093935511424301,0.5684828101644245,0.4054249412769592,0.1324268631219304,0.5523894939141576,0.3965417467435405,0.32211723254324154,0.4001494768310912,0.42027546444586805,0.43262758915225286,-0.04185030963057869,0.4035543455050182,0.40324364723467865,0.354167200512492,0.3738266068759342,0.5361915438821269,0.5183867179158659,0.48546444586803333
Schaefer200Subcortical,pearson,original,auc,gc,-0.44253528142822884,-0.38776983737284776,-0.4065415733730755,-0.3337256234552907,0.014732099839669128,-0.42918318151918533,-0.36551206673161984,-0.20488114250500283,0.4767726259353132,-0.21220715374213064,-0.43701154476200704,0.06753084380049519,-0.3301344205410475,-0.32848002217160505,-0.2671092631678174,-0.11583884910893336,-0.0538728483555722,-0.36866658107980815,-0.27578324338940546,-0.2881210300032116,-0.4094708033999006,0.009371720998890838,-0.24492035906084514,0.13729584609602646,-0.30035738528749395
Schaefer200Subcortical,pearson,original,poly2,sac,0.14315929959427717,0.20938287422592355,0.20341020713218022,0.46542387358530857,0.17766389066837499,0.45054879350843474,0.013988896006833227,0.00583493487080931,0.4521652786675208,0.23329169335895794,0.4466378389920991,0.12267243220158018,0.4448693265186275,0.4657036087977792,0.2691234251548153,0.4339696775571215,0.24385756993380311,-0.22223894939141575,0.23068652573136877,0.4269271834294256,0.40641682682041425,0.2035532778133675,0.09500960922485586,0.3884806747811232,0.2381144565449498
Schaefer200Subcortical,pearson,original,poly2,gc,-0.13143258140045153,0.047587842868819605,0.05093133979938373,0.039040918733687605,-0.053917157831100994,0.04512679850511201,0.08425046384972687,0.09940964297160122,-0.08654227804786065,0.19065780086026066,0.08821269189038582,-0.12833251966074435,0.1124873744672895,0.09894145730848375,0.08899958546784895,-0.08878657967584909,0.1415629019743594,0.054617567853917554,0.14496779155174053,0.21781417086838245,0.2896179428873409,-0.1633845178986352,0.21041769154969076,-0.08103242145831054,0.27048639259185525
Schaefer200Subcortical,pearson,inverted,auc,sac,0.3714488575699338,0.5416111467008328,0.4098686739269699,0.4970382233610933,0.42802370275464446,0.5488938714499253,0.6284977578475336,0.470391842835789,-0.022920136664531285,0.46749519538757206,0.5803833013025839,0.3727268844757634,0.5275453768951527,0.49685137732222934,0.5880642750373692,0.3255947042494128,0.45360452701259873,0.4331176596199018,0.5388063207345719,0.5710356609011318,0.5666848174247278,0.10581678411274824,0.5213751868460389,0.41175635276532135,0.5083867179158659
Schaefer200Subcortical,pearson,inverted,auc,gc,0.2803295023484801,0.3835620387449208,0.2769571775663671,0.5076979706088961,0.0739188821640798,0.47276875766463927,0.40315536851429085,0.2570451398826514,-0.6804793004142516,0.43659460861275423,0.3675524380023553,-0.1800069774111652,0.48572741078495124,0.46535999981658416,0.29792356722802693,0.07112471596025213,0.07961184899587541,0.3981718871400587,0.46186061894801517,0.32567090819290023,0.5262641747045627,-0.3356709695857355,0.43389493370011445,-0.22983912190797323,0.3629527941330051
Schaefer200Subcortical,pearson,inverted,poly2,sac,0.27764253683536194,0.2767051035660901,0.20858744394618833,0.5279105274396754,0.10212470638479607,0.592317958573564,-0.04157377749306,0.2519805680119582,0.012844330557335042,0.2487305146273756,0.3231144565449498,0.31139120222079864,0.578677130044843,0.523419816357036,0.5552498398462524,0.19968396327140722,-0.09266922912662823,-0.13820841341020712,-0.13258808456117874,0.47162395900064064,-0.13604740550928893,0.08526158445440957,0.2319880418535127,0.14493487080931028,0.024343369634849454
Schaefer200Subcortical,pearson,inverted,poly2,gc,-0.12253438455570573,-0.09124175169942636,-0.11572887619376551,0.45887800401091444,-0.19240508897358277,0.2932614630136542,-0.4338308718077837,-0.16143383327716285,0.2386011872315161,0.01693155814302602,-0.05339932420142716,0.08001650661576486,0.38898701332713265,0.32973403371398013,0.17169227763573228,0.09128392577854412,-0.14976869653282995,-0.4592506306846385,-0.480700153784293,0.08977953900697623,-0.40991656740070226,-0.27368841951018885,-0.1293527052961121,-0.021050737819895388,-0.3716043526922773
Schaefer200Subcortical,pearson,delta,auc,sac,-0.23001387999145848,-0.37326500106769167,-0.3554388212684177,-0.31364296391202223,0.013382447149263293,-0.3576286568439035,-0.4220211402946829,-0.10493807388426223,0.5110773008755072,-0.14304719197095878,-0.4243924834507794,0.23024236600469786,-0.29152679906043133,-0.28020286141362377,-0.33228058936579113,0.10195494341234251,0.06410100363015162,-0.3123521247063848,-0.06710014947683109,-0.3160580824257954,-0.2812470638479607,0.16000320307495194,-0.17531283365364084,0.2431560965193252,-0.0854185351270553
Schaefer200Subcortical,pearson,delta,auc,gc,-0.48527790984043023,-0.4867112946813315,-0.41238775489736224,-0.580331877982641,-0.039230435165166166,-0.5883534946006606,-0.48243356182094344,-0.3375298321615337,0.606836418236297,-0.4761720456947121,-0.4971330968653444,0.13194294114268676,-0.5760760329354659,-0.5340989441366174,-0.416332899766733,-0.14502064261291342,-0.11116873715801925,-0.5139167788069069,-0.5420645065988475,-0.4547865844873884,-0.6573978006074704,0.20551215214446103,-0.5043432628471741,0.22808649530362354,-0.4701320769461248
Schaefer200Subcortical,pearson,delta,poly2,sac,-0.17093209481101856,-0.07305466581251335,-0.03466154174674354,-0.4146017510143071,0.056579115951313264,-0.36356288703822337,0.03609972240017083,-0.168380311765962,0.40053384582532564,0.006557762118300235,-0.029572923339739484,-0.13620969464018792,-0.48841661328208413,-0.3833472133247918,-0.4327973521247064,0.21055733504163998,0.2314552637198377,-0.04013132607303011,0.23270873371770232,-0.3292536835361948,0.30944480034166133,0.029461883408071748,-0.16463378176382662,0.23128977151398675,0.035360879777920136
Schaefer200Subcortical,pearson,delta,poly2,gc,0.040295464125165444,0.06397594262523948,0.11297474867264459,-0.45856303304028806,0.0942131558053692,-0.2873255948401044,0.29190121549983056,0.1883670543603324,-0.1314843647634189,0.14788901384202424,0.1082982305324974,-0.17218181726296,-0.3871073306363269,-0.30770047969590997,-0.13407620215730184,-0.14488984958273807,0.17508649023105827,0.35026159941317414,0.4046800415517635,-0.014947774877182766,0.43532564929550194,0.1371100666082672,0.196000562680648,-0.05874155217271173,0.38516999224242343
Schaefer400,pearson,original,auc,sac,0.0286365577621183,-0.04918535127055306,-0.1909288917360666,0.23296925048046124,0.32100042707666027,0.061333546871663466,0.04141682682041426,0.3230012812299808,0.6410121716848174,0.2778827674567585,-0.015484732009395687,0.6636717915865898,0.2632137518684604,0.138172111894085,0.3773457185564809,0.4783717702327568,0.38608370702541106,-0.06996156310057655,0.33158765748451846,0.29031923980354474,0.1369795003203075,0.4653267136450993,0.4498099508861841,0.5998889600683323,0.32875613922699126
Schaefer400,pearson,original,auc,gc,-0.5123688767287443,-0.5652241804775404,-0.5718380334807708,-0.32017742999809806,-0.16644872288943446,-0.4492028169137289,-0.4457840490847929,-0.3770045689510296,0.5942436683621639,-0.2639829018942123,-0.48952975660732995,0.33124091289735924,-0.3683492780686844,-0.46821263946534974,-0.13807625977193624,0.15389153099808042,-0.17034795465435454,-0.5315970434468291,-0.43685542760775453,-0.33445094583855095,-0.5888971724522961,0.29772214717665324,-0.29427882230210034,0.18108952671650635,-0.449576511086161
Schaefer400,pearson,original,poly2,sac,0.14692825112107624,0.04303117659619902,0.18925154815289344,0.39726991244928467,0.25310057655349133,0.14688234038009823,0.23922699124492847,0.1439878283151826,0.7001313260730301,0.1806139226991245,0.1379105274396754,0.4739408498825539,0.46318919496049543,0.3124973307708734,0.29550395045910743,0.5232286995515695,0.23830664104206706,-0.204837710869101,0.21923873585308562,0.3027226137091608,0.22346359171471278,0.35226350629938075,0.3081518257527226,0.43845611787315825,0.2046231048473201
Schaefer400,pearson,original,poly2,gc,-0.012911133657529019,-0.17165161346732483,0.01898740090127495,-0.08311652398352969,-0.12573260740768624,-0.04769618877396207,0.25185972909169724,0.19164905633180196,0.24853278325941605,0.09189246469868866,0.10547518016895993,-0.04086292390663226,0.10856189403324906,-0.06163391370804384,0.10707245583169828,0.059348506919212674,0.2750501217351978,0.05184846487850045,0.26100402549111074,0.012297741365922616,0.21169134249697094,-0.02386624524678488,0.17265044460535403,-0.039997554973043074,0.2374933235569541
Schaefer400,pearson,inverted,auc,sac,0.3764904975443092,0.5866869528080291,0.4261200085415332,0.5140593636557762,0.5540444159726671,0.5572741832158873,0.6425581891949605,0.5848152893444373,-0.08204890027759983,0.5024855861627162,0.6218407004057228,0.3462534699978646,0.5308520179372197,0.49784646594063636,0.6573265001067692,0.32831731795857355,0.6311456331411488,0.5042333973948324,0.6120681187273116,0.6420200726030323,0.6325731368780696,0.12342088404868674,0.6029991458466795,0.5446647448216955,0.5827546444586803
Schaefer400,pearson,inverted,auc,gc,0.35618179581429527,0.5198331508986667,0.47669176023783405,0.5635815276652925,0.2610328533272698,0.4933478433519505,0.5846087648992289,0.5443885949691798,-0.7496022159114493,0.4676729183105942,0.48193575717469195,-0.27301615773953164,0.5613580473393215,0.580025672798758,0.36770919333619,-0.045057374067773694,0.32880442689310196,0.5832260964612301,0.6206900049451836,0.45226764297648986,0.5510222003786673,-0.4226753353104097,0.5333752938587881,-0.12452343983545953,0.5401146013341921
Schaefer400,pearson,inverted,poly2,sac,0.18469036942131112,0.5697181294042281,0.11834614563314115,0.5439728806320735,0.5194020926756353,0.6384005979073244,0.48711616485159087,0.5348195601110399,0.16891629297458893,0.17269485372624385,0.6357153534059363,0.3806576980568012,0.5554729874012385,0.537749306000427,0.6710634208840487,0.5022015801836429,0.3106181934657271,-0.07575806107196242,0.4018716634635917,0.574975443092035,0.4326008968609866,0.23082319026265213,0.3167189835575486,0.48822015801836427,0.19115631005765535
Schaefer400,pearson,inverted,poly2,gc,-0.23236837490645673,0.3814910344154858,-0.18194902331310017,0.5520034145057104,-0.07483332572716334,0.38108317391871704,0.006185706251386758,0.36163773073180394,0.4016902721330763,0.09593316640031516,0.3153509028367286,0.241858071490961,0.5059349307770991,0.3928956467092957,0.20419236815389422,0.3610382185094593,-0.14167600235009287,-0.5868749531306207,-0.052675396697210906,0.1704355058604672,-0.04886958847539886,-0.10065826228631017,-0.1791804833441961,-0.0342714925537478,-0.3400526214833081
Schaefer400,pearson,delta,auc,sac,-0.2638821268417681,-0.49173713431560967,-0.3795323510570147,-0.367522955370489,-0.20791586589792868,-0.435370489002776,-0.5139355114243007,-0.3742269912449285,0.5778550074738416,-0.1574706384796071,-0.5311840700405723,0.45240978005551996,-0.29393444373265,-0.34226564168268203,-0.4054121289771514,0.224421311125347,-0.3052733290625667,-0.3774685030963058,-0.4121588725176169,-0.4154035874439462,-0.478775357676703,0.28864403160367286,-0.29011317531496905,0.21446615417467435,-0.2882265641682682
Schaefer400,pearson,delta,auc,gc,-0.5722464278263573,-0.6196110964844903,-0.5858948067012131,-0.6137755950575542,-0.2981257368828799,-0.5820260043189053,-0.6253462343336875,-0.6165121040973927,0.6861003651900627,-0.46921200445219674,-0.5454466833259805,0.3850229781937869,-0.6298919570169151,-0.6475340588974345,-0.43742611199394016,0.1407022621064984,-0.363260097288977,-0.6816208397602372,-0.7314711085138615,-0.5568347463064398,-0.688514429543974,0.45824247894486136,-0.6135940864595157,0.23133911438581517,-0.6385739403401482
Schaefer400,pearson,delta,poly2,sac,0.012179158658979287,-0.47238415545590434,0.049517403373905616,-0.3970339525944907,-0.2752893444373265,-0.555995088618407,-0.15886397608370703,-0.5204153320521033,0.6444832372410848,0.0745878710228486,-0.5848291693358958,0.23220264787529363,-0.4020563741191544,-0.4415161221439248,-0.5804857997010463,0.2086824685030963,-0.15268844757633995,-0.0733514840913944,-0.28260730301089043,-0.44259876147768523,-0.3055712150330984,0.0714488575699338,-0.1130578688874653,-0.018665385436685885,-0.044924193892803756
Schaefer400,pearson,delta,poly2,gc,0.09291051439415725,-0.39566044973647546,0.1336853532458591,-0.5826933153411055,-0.0010052373238423461,-0.3736055535283508,0.15719498748238017,-0.3293975329296335,0.15175133108768002,0.03470818088667559,-0.27988305508238037,-0.16723775144208397,-0.513193139303366,-0.42499917921411956,-0.16011674206198143,-0.17226073496838915,0.24154523608375356,0.4211245044948165,0.12481919208049864,-0.18110073754167932,0.1487393560578773,0.04610371775058357,0.21835057264971094,-0.02522328894153116,0.37563150979175053
Schaefer400Subcortical,pearson,original,auc,sac,0.0658616271620756,0.009204569720264788,-0.19843369634849456,0.2244127695921418,0.36082852872090543,0.09186846038863976,0.10097373478539398,0.35735746316463807,0.6671791586589793,0.3609075379030536,0.002684176809737348,0.6565364082852873,0.2715257313687807,0.18824898569293189,0.3570980140935298,0.43735853085628873,0.42920136664531283,-0.03252936152039291,0.3846946401879137,0.33086910100363015,0.18473200939568651,0.4552701259876148,0.5005744181080504,0.6157388426222506,0.3849871877001922
Schaefer400Subcortical,pearson,original,auc,gc,-0.4791518857448918,-0.5268117346343166,-0.5122392751252142,-0.42291629631422734,-0.07003129953192928,-0.5238259205875565,-0.35182157078888737,-0.32772205290709044,0.5529948627833233,-0.24343700135504778,-0.5563436937354646,0.2131704668688932,-0.4263633553701776,-0.4820554871395509,-0.28721150166011356,-0.029690512073057118,-0.09804819690150117,-0.4615594458920523,-0.36172072148959755,-0.3460704220805472,-0.5823869536062215,0.1666066087246854,-0.27593555596090624,0.2327509581270849,-0.4020919383067149
Schaefer400Subcortical,pearson,original,poly2,sac,0.16617873158231902,0.14196562032884902,0.1334678624813154,0.4188960068332266,0.24526265214606022,0.32716634635917147,0.24550715353405936,0.05761370916079436,0.6533461456331412,0.1849498184924194,0.14091714712790945,-0.060849882553918426,0.39095451633568223,0.3919036942131113,0.16908925902199445,0.4172816570574418,0.2429809950886184,-0.16352017937219732,0.2713527653213752,0.3343956865257314,0.32985799701046337,0.15910847747170617,0.24980247704462952,0.47102605167627587,0.3008883194533419
Schaefer400Subcortical,pearson,original,poly2,gc,-0.010717540282988613,-0.1603862072813011,-0.05876923389086892,-0.06287719725396901,-0.09998232961943641,-0.00426117785110655,0.24437443912835563,0.15894481662758178,0.0905524316537704,0.12305472319836074,-0.14370184354030474,-0.4890739919263835,0.058376855324023105,-0.02376426109270961,-0.0290835264533242,-0.17152655548938073,0.2839523572375371,0.04049720503722022,0.24975883399258272,0.07261512574081874,0.34253794728215436,-0.3268646923923226,0.2023082536721424,-0.030413876641868114,0.28119129336307913
Schaefer400Subcortical,pearson,inverted,auc,sac,0.3912694853726244,0.6041511851377322,0.41580183642963914,0.5090582959641256,0.5098270339525945,0.5560975870168695,0.6718417680973735,0.5713751868460388,-0.07304719197095878,0.4958317317958574,0.6241308989963699,0.39193679265428144,0.5239686098654709,0.4972837924407431,0.6535618193465728,0.3687305146273756,0.5931187273115525,0.5081251334614564,0.6139461883408072,0.6348569293188128,0.6347320093956865,0.15179799273969677,0.5911232116164852,0.46707879564381805,0.5859993593850096
Schaefer400Subcortical,pearson,inverted,auc,gc,0.339942376408679,0.45506251098251,0.39498054389997594,0.5744406203171059,0.17231825265214581,0.5066295962402947,0.5092902966173825,0.44204301644069255,-0.7343303485954592,0.4891855662399492,0.4379932425521315,-0.20419487388334392,0.5658574058984024,0.5739174488946448,0.3877415597279633,0.07573707112709675,0.26363942598789986,0.5169942627373172,0.582133375620845,0.4357265222870603,0.5498558342485568,-0.3682742443285081,0.5138691142606976,-0.23913151408754912,0.501744883469357
Schaefer400Subcortical,pearson,inverted,poly2,sac,0.18726564168268203,0.558891736066624,0.1843316250266923,0.5393647234678625,0.29529681827888105,0.6403341874866538,0.04266816143497758,0.44765107836856716,0.07250266922912663,0.1844736280162289,0.5185853085628871,0.4021748878923767,0.5533963271407217,0.534650864830237,0.6674044415972668,0.49936579115951313,0.002007260303224429,-0.12051996583386718,-0.28104313474268633,0.5723136878069613,0.18310377962844332,0.22460068332265642,0.31781123211616485,0.2402146060217809,0.17209481101857785
Schaefer400Subcortical,pearson,inverted,poly2,gc,-0.24660325615771791,0.17365927980849505,-0.10017291349476153,0.5246090761760773,-0.2350705293827925,0.3547310445158393,-0.5555397180597234,0.10074146203039526,0.2759489021706629,0.038249169465808336,0.05621797243378571,0.20990811935597511,0.4847514215103963,0.3833965676795849,0.22875563677433103,0.3718403515754878,-0.222064914899122,-0.547147087516345,-0.6915722956254607,0.15312907226401942,-0.32175576329747296,-0.14907876452706809,-0.14491901787011216,-0.09767877381543681,-0.3949837469903175
Schaefer400Subcortical,pearson,delta,auc,sac,-0.2604324151185138,-0.48083173179585736,-0.3761958146487294,-0.36778026905829597,-0.08870275464445868,-0.4207612641469144,-0.4593732650010677,-0.2988052530429212,0.6029745889387145,-0.1398793508434764,-0.518882126841768,0.36175848814862266,-0.30760303224428787,-0.33347533632286996,-0.44594383941917576,0.1055413196668802,-0.1552060644885757,-0.3544768310911809,-0.30255818919496047,-0.4310719624172539,-0.4570339525944907,0.24852445013879992,-0.29229553704890027,0.3340422805893658,-0.2541138159299594
Schaefer400Subcortical,pearson,delta,auc,gc,-0.5462608991885027,-0.579817007455479,-0.5189369370294966,-0.6407157625751206,-0.167585686672434,-0.6144877911613316,-0.5544255764692373,-0.515671386426237,0.6549769884726978,-0.49482620833150415,-0.5425415774535166,0.2696623035268856,-0.6537272493910841,-0.6498429685035056,-0.5089827999445891,-0.07754468177653885,-0.2525898320061655,-0.6220086472834049,-0.691206075629738,-0.5546097541638793,-0.697013278419056,0.3459727278251285,-0.6034344602408653,0.3290278460696821,-0.5980383207120524
Schaefer400Subcortical,pearson,delta,poly2,sac,-0.015881913303437967,-0.36629831304719196,-0.06835148409139441,-0.44168695280802905,-0.04898355754857997,-0.5456662395900064,0.18675955584027332,-0.4066698697416186,0.5663250053384582,0.05738095238095238,-0.39950992953235104,-0.32506512919068975,-0.45937860345932097,-0.4385703608797779,-0.6040668374973308,-0.07993060004270766,0.1526243860773009,-0.021707238949391416,0.33008007687379887,-0.482636130685458,-0.028053598120862694,-0.07871663463591715,-0.17364189622037154,0.26794362588084564,0.010913944052957507
Schaefer400Subcortical,pearson,delta,poly2,gc,0.13912516129055072,-0.22668697426204865,0.04568727908739034,-0.540692860478024,0.1189873323129209,-0.3599414048048396,0.49830423059408985,-0.02588310535367702,0.00024396871435175313,0.06580642337136085,-0.0991287060434004,-0.46723959276448696,-0.48714946847947305,-0.3943917091255121,-0.22967919448949192,-0.3949458437546086,0.3213382938562846,0.39452250198112737,0.6477721705976621,-0.14159741318587452,0.40158531618435206,-0.12710129399658018,0.19111772371537775,0.022873268129354956,0.44780911290396014
