,,,,,,"ICC(2,1)","ICC(2,1)","ICC(2,1)","ICC(2,1)","ICC(2,1)","ICC(2,1)","ICC(2,k)","ICC(2,k)","ICC(2,k)","ICC(2,k)","ICC(2,k)","ICC(2,k)","ICC(3,1)","ICC(3,1)","ICC(3,1)","ICC(3,1)","ICC(3,1)","ICC(3,1)","ICC(3,k)","ICC(3,k)","ICC(3,k)","ICC(3,k)","ICC(3,k)","ICC(3,k)",CV,CV
,,,,,,ICC,F,df1,df2,pval,CI95%,ICC,F,df1,df2,pval,CI95%,ICC,F,df1,df2,pval,CI95%,ICC,F,df1,df2,pval,CI95%,WCV,pval
parc,measure,connections,metric,stat,map,,,,,,,,,,,,,,,,,,,,,,,,,,
Schaefer100,pearson,all,original,auc,Auditory,0.609600488069513,4.099731974455941,111,111,4.69529229600414e-13,[0.48 0.71],0.7574556451590571,4.099731974455941,111,111,4.69529229600414e-13,[0.65 0.83],0.6078225267488949,4.099731974455941,111,111,4.69529229600414e-13,[0.48 0.71],0.7560816155225109,4.099731974455941,111,111,4.69529229600414e-13,[0.65 0.83],0.13431364169346893,0.001
Schaefer100,pearson,all,original,auc,Cingulo-Opercular,0.5663017012457677,3.6615378751047856,111,111,2.0135453056615178e-11,[0.43 0.68],0.7231067945535092,3.6615378751047856,111,111,2.0135453056615178e-11,[0.6  0.81],0.5709570417348496,3.6615378751047856,111,111,2.0135453056615178e-11,[0.43 0.68],0.7268907125612125,3.6615378751047856,111,111,2.0135453056615178e-11,[0.6  0.81],0.11101616658291853,0.001
Schaefer100,pearson,all,original,auc,Dorsal Attention,0.4877618181855071,3.003357687076742,111,111,8.308287652961013e-09,[0.33 0.62],0.6556987983202681,3.003357687076742,111,111,8.308287652961013e-09,[0.5  0.76],0.5004193588656318,3.003357687076742,111,111,8.308287652961013e-09,[0.35 0.63],0.6670393259174767,3.003357687076742,111,111,8.308287652961013e-09,[0.52 0.77],0.1318875326026161,0.001
Schaefer100,pearson,all,original,auc,Default Mode,0.5605352771086987,3.7774174848593787,111,111,7.307973519108357e-12,[0.41 0.68],0.7183884726364372,3.7774174848593787,111,111,7.307973519108357e-12,[0.58 0.81],0.5813637794188152,3.7774174848593787,111,111,7.307973519108357e-12,[0.44 0.69],0.7352688698010761,3.7774174848593787,111,111,7.307973519108357e-12,[0.62 0.82],0.1282010056555467,0.001
Schaefer100,pearson,all,original,auc,Frontoparietal,0.4892615566603203,2.9500248396763027,111,111,1.379400271114464e-08,[0.34 0.62],0.657052556647595,2.9500248396763027,111,111,1.379400271114464e-08,[0.5  0.76],0.49367407011954473,2.9500248396763027,111,111,1.379400271114464e-08,[0.34 0.62],0.6610198034435103,2.9500248396763027,111,111,1.379400271114464e-08,[0.51 0.77],0.17085291316350748,0.001
Schaefer100,pearson,all,original,auc,Medial Parietal,0.5856242143255164,3.8610252974420978,111,111,3.548395453978745e-12,[0.45 0.69],0.7386670927885971,3.8610252974420978,111,111,3.548395453978745e-12,[0.62 0.82],0.5885641654544748,3.8610252974420978,111,111,3.548395453978745e-12,[0.45 0.7 ],0.7410014379697297,3.8610252974420978,111,111,3.548395453978745e-12,[0.62 0.82],0.16508248841582085,0.001
Schaefer100,pearson,all,original,auc,Occipital Parietal,0.5235020355614676,3.3176166151167643,111,111,4.4312950053036427e-10,[0.37 0.65],0.6872350982695439,3.3176166151167643,111,111,4.4312950053036427e-10,[0.54 0.79],0.536781474993024,3.3176166151167643,111,111,4.4312950053036427e-10,[0.39 0.66],0.6985787943539086,3.3176166151167643,111,111,4.4312950053036427e-10,[0.56 0.79],0.17589848127180813,0.001
Schaefer100,pearson,all,original,auc,Dorsal Somatomotor,0.6062215931559674,4.13113119573318,111,111,3.6143300303380493e-13,[0.48 0.71],0.7548417923642021,4.13113119573318,111,111,3.6143300303380493e-13,[0.64 0.83],0.6102224005375051,4.13113119573318,111,111,3.6143300303380493e-13,[0.48 0.71],0.7579355501871144,4.13113119573318,111,111,3.6143300303380493e-13,[0.65 0.83],0.15023698777546182,0.001
Schaefer100,pearson,all,original,auc,Lateral Somatomotor,0.5905211844651539,3.9125764290025753,111,111,2.2811708197269693e-12,[0.46 0.7 ],0.7425505428445194,3.9125764290025753,111,111,2.2811708197269693e-12,[0.63 0.82],0.5928816520405628,3.9125764290025753,111,111,2.2811708197269693e-12,[0.46 0.7 ],0.7444139384505447,3.9125764290025753,111,111,2.2811708197269693e-12,[0.63 0.82],0.13739179103223237,0.001
Schaefer100,pearson,all,original,auc,Salience,0.6671357248701557,4.978571896886512,111,111,4.474640003979229e-16,[0.55 0.76],0.8003376268865157,4.978571896886512,111,111,4.474640003979229e-16,[0.71 0.86],0.6654719497407819,4.978571896886512,111,111,4.474640003979229e-16,[0.55 0.76],0.7991391867564718,4.978571896886512,111,111,4.474640003979229e-16,[0.71 0.86],0.18261039700944046,0.001
Schaefer100,pearson,all,original,auc,Ventral Attention,0.6158932151092485,4.187111800587363,111,111,2.2725772416463256e-13,[0.49 0.72],0.7622944503391689,4.187111800587363,111,111,2.2725772416463256e-13,[0.65 0.84],0.6144289776492711,4.187111800587363,111,111,2.2725772416463256e-13,[0.48 0.72],0.761171889449018,4.187111800587363,111,111,2.2725772416463256e-13,[0.65 0.84],0.24251189326264364,0.001
Schaefer100,pearson,all,original,auc,Visual,0.579953152703807,3.7599998451101477,111,111,8.502846132963717e-12,[0.44 0.69],0.7341396821941473,3.7599998451101477,111,111,8.502846132963717e-12,[0.61 0.82],0.5798319191008883,3.7599998451101477,111,111,8.502846132963717e-12,[0.44 0.69],0.7340425422356087,3.7599998451101477,111,111,8.502846132963717e-12,[0.61 0.82],0.11358965412039115,0.001
Schaefer100,pearson,all,inverted,auc,Auditory,0.5933946955088634,3.9414047875330844,111,111,1.7839568367706535e-12,[0.46 0.7 ],0.7448182138190915,3.9414047875330844,111,111,1.7839568367706535e-12,[0.63 0.82],0.5952567972075674,3.9414047875330844,111,111,1.7839568367706535e-12,[0.46 0.7 ],0.7462833548172814,3.9414047875330844,111,111,1.7839568367706535e-12,[0.63 0.83],0.14870974454068608,0.001
Schaefer100,pearson,all,inverted,auc,Cingulo-Opercular,0.5896053271193405,4.123227225256189,111,111,3.860034536066209e-13,[0.44 0.7 ],0.7418260584063525,4.123227225256189,111,111,3.860034536066209e-13,[0.61 0.83],0.6096210626496291,4.123227225256189,111,111,3.860034536066209e-13,[0.48 0.71],0.7574715276726309,4.123227225256189,111,111,3.860034536066209e-13,[0.65 0.83],0.13006107892258081,0.001
Schaefer100,pearson,all,inverted,auc,Dorsal Attention,0.5112466095794078,3.243958046026696,111,111,8.73048105064389e-10,[0.36 0.64],0.676589255967551,3.243958046026696,111,111,8.73048105064389e-10,[0.52 0.78],0.5287418069854739,3.243958046026696,111,111,8.73048105064389e-10,[0.38 0.65],0.6917346075961642,3.243958046026696,111,111,8.73048105064389e-10,[0.55 0.79],0.13758640273587594,0.001
Schaefer100,pearson,all,inverted,auc,Default Mode,0.530151974071521,3.3496254269412584,111,111,3.3060353603699746e-10,[0.38 0.65],0.6929402870498681,3.3496254269412584,111,111,3.3060353603699746e-10,[0.55 0.79],0.5401902914186247,3.3496254269412584,111,111,3.3060353603699746e-10,[0.39 0.66],0.7014591566098901,3.3496254269412584,111,111,3.3060353603699746e-10,[0.57 0.79],0.1322925336932051,0.001
Schaefer100,pearson,all,inverted,auc,Frontoparietal,0.6434199668316992,4.624372605319045,111,111,6.7513944226207405e-15,[0.52 0.74],0.7830256170881623,4.624372605319045,111,111,6.7513944226207405e-15,[0.69 0.85],0.6444047824803475,4.624372605319045,111,111,6.7513944226207405e-15,[0.52 0.74],0.7837544494468762,4.624372605319045,111,111,6.7513944226207405e-15,[0.69 0.85],0.16935804622775058,0.001
Schaefer100,pearson,all,inverted,auc,Medial Parietal,0.6023232630128109,4.050436787124388,111,111,7.094986294113272e-13,[0.47 0.71],0.7518124175271307,4.050436787124388,111,111,7.094986294113272e-13,[0.64 0.83],0.6039946475325042,4.050436787124388,111,111,7.094986294113272e-13,[0.47 0.71],0.7531130461833596,4.050436787124388,111,111,7.094986294113272e-13,[0.64 0.83],0.22269599278215457,0.001
Schaefer100,pearson,all,inverted,auc,Occipital Parietal,0.4886265986895793,2.9644341080499905,111,111,1.202514618751269e-08,[0.34 0.62],0.6564797365836558,2.9644341080499905,111,111,1.202514618751269e-08,[0.5  0.76],0.49551437973482887,2.9644341080499905,111,111,1.202514618751269e-08,[0.34 0.62],0.6626674894596319,2.9644341080499905,111,111,1.202514618751269e-08,[0.51 0.77],0.16477308313830724,0.001
Schaefer100,pearson,all,inverted,auc,Dorsal Somatomotor,0.6200833132506445,4.276496240986273,111,111,1.0905218030341364e-13,[0.49 0.72],0.7654955867750621,4.276496240986273,111,111,1.0905218030341364e-13,[0.66 0.84],0.6209605941790335,4.276496240986273,111,111,1.0905218030341364e-13,[0.49 0.72],0.7661637135522482,4.276496240986273,111,111,1.0905218030341364e-13,[0.66 0.84],0.14225421877703087,0.001
Schaefer100,pearson,all,inverted,auc,Lateral Somatomotor,0.5830152379032322,3.8980079097497677,111,111,2.583804299450547e-12,[0.45 0.69],0.7365882828461708,3.8980079097497677,111,111,2.583804299450547e-12,[0.62 0.82],0.5916707288244911,3.8980079097497677,111,111,2.583804299450547e-12,[0.46 0.7 ],0.7434587042528102,3.8980079097497677,111,111,2.583804299450547e-12,[0.63 0.82],0.1346985433750916,0.001
Schaefer100,pearson,all,inverted,auc,Salience,0.5664290782661863,3.774297151922156,111,111,7.508770621020265e-12,[0.42 0.68],0.723210627439504,3.774297151922156,111,111,7.508770621020265e-12,[0.59 0.81],0.5810901717345369,3.774297151922156,111,111,7.508770621020265e-12,[0.44 0.69],0.7350500080549501,3.774297151922156,111,111,7.508770621020265e-12,[0.61 0.82],0.205046603244481,0.001
Schaefer100,pearson,all,inverted,auc,Ventral Attention,0.522492745786144,3.511629169811114,111,111,7.62994882384253e-11,[0.34 0.66],0.6863648411229089,3.511629169811114,111,111,7.62994882384253e-11,[0.51 0.79],0.5567011550101019,3.511629169811114,111,111,7.62994882384253e-11,[0.41 0.67],0.7152318904863783,3.511629169811114,111,111,7.62994882384253e-11,[0.59 0.8 ],0.1446991456803671,0.001
Schaefer100,pearson,all,inverted,auc,Visual,0.6214231452626199,4.302557805173347,111,111,8.816924787437683e-14,[0.49 0.72],0.7665156958913014,4.302557805173347,111,111,8.816924787437683e-14,[0.66 0.84],0.6228235365866761,4.302557805173347,111,111,8.816924787437683e-14,[0.49 0.72],0.7675801127418646,4.302557805173347,111,111,8.816924787437683e-14,[0.66 0.84],0.16543793263289655,0.001
Schaefer100,pearson,all,original,poly2,Auditory,0.6002379127889029,4.141582293965294,111,111,3.313616563123978e-13,[0.46 0.71],0.7501858417325024,4.141582293965294,111,111,3.313616563123978e-13,[0.63 0.83],0.6110146865980514,4.141582293965294,111,111,3.313616563123978e-13,[0.48 0.72],0.7585463890317714,4.141582293965294,111,111,3.313616563123978e-13,[0.65 0.83],0.2974190359736221,0.001
Schaefer100,pearson,all,original,poly2,Cingulo-Opercular,0.6031402180652276,4.0224758493514585,111,111,8.976992364562318e-13,[0.47 0.71],0.7524484898683858,4.0224758493514585,111,111,8.976992364562318e-13,[0.64 0.83],0.6017900214974143,4.0224758493514585,111,111,8.976992364562318e-13,[0.47 0.71],0.7513968915037167,4.0224758493514585,111,111,8.976992364562318e-13,[0.64 0.83],0.15073070954863627,0.001
Schaefer100,pearson,all,original,poly2,Dorsal Attention,0.4175141265756857,2.4207886380012003,111,111,2.3876273345611713e-06,[0.25 0.56],0.5890793167392019,2.4207886380012003,111,111,2.3876273345611713e-06,[0.4  0.72],0.4153394986810353,2.4207886380012003,111,111,2.3876273345611713e-06,[0.25 0.56],0.5869114782256739,2.4207886380012003,111,111,2.3876273345611713e-06,[0.4  0.72],0.2703744487538042,0.001
Schaefer100,pearson,all,original,poly2,Default Mode,0.6435473105168468,4.84004926482666,111,111,1.2755577514764023e-15,[0.51 0.74],0.783119909477349,4.84004926482666,111,111,1.2755577514764023e-15,[0.68 0.85],0.6575371355091878,4.84004926482666,111,111,1.2755577514764023e-15,[0.54 0.75],0.793390532764378,4.84004926482666,111,111,1.2755577514764023e-15,[0.7  0.86],0.1253067545715557,0.001
Schaefer100,pearson,all,original,poly2,Frontoparietal,0.5004324951882666,3.0446957299338884,111,111,5.618884852258792e-09,[0.35 0.63],0.667050996020284,3.0446957299338884,111,111,5.618884852258792e-09,[0.52 0.77],0.5055252277202344,3.0446957299338884,111,111,5.618884852258792e-09,[0.35 0.63],0.6715599558377829,3.0446957299338884,111,111,5.618884852258792e-09,[0.52 0.77],0.13108484957153163,0.001
Schaefer100,pearson,all,original,poly2,Medial Parietal,0.573265582279939,3.893356950626754,111,111,2.6887583511981677e-12,[0.43 0.69],0.7287588169941099,3.893356950626754,111,111,2.6887583511981677e-12,[0.6  0.82],0.5912826265936241,3.893356950626754,111,111,2.6887583511981677e-12,[0.46 0.7 ],0.743152242991997,3.893356950626754,111,111,2.6887583511981677e-12,[0.63 0.82],0.1323860639067861,0.001
Schaefer100,pearson,all,original,poly2,Occipital Parietal,0.5357700790174115,3.3204307994608047,111,111,4.318439684124071e-10,[0.39 0.66],0.6977217310552086,3.3204307994608047,111,111,4.318439684124071e-10,[0.56 0.79],0.5370832000712517,3.3204307994608047,111,111,4.318439684124071e-10,[0.39 0.66],0.6988342596501673,3.3204307994608047,111,111,4.318439684124071e-10,[0.56 0.79],0.16853982162591236,0.001
Schaefer100,pearson,all,original,poly2,Dorsal Somatomotor,0.704182561572805,5.88241923826635,111,111,7.212438579247081e-19,[0.6  0.79],0.8264168140799525,5.88241923826635,111,111,7.212438579247081e-19,[0.75 0.88],0.7094045086820677,5.88241923826635,111,111,7.212438579247081e-19,[0.6  0.79],0.8300019159643037,5.88241923826635,111,111,7.212438579247081e-19,[0.75 0.88],1.0709267161122424,0.8280000000000001
Schaefer100,pearson,all,original,poly2,Lateral Somatomotor,0.6347972188751643,4.463730001377453,111,111,2.4039704659405922e-14,[0.51 0.73],0.7766066782422615,4.463730001377453,111,111,2.4039704659405922e-14,[0.68 0.85],0.6339497011207027,4.463730001377453,111,111,2.4039704659405922e-14,[0.51 0.73],0.7759721130777596,4.463730001377453,111,111,2.4039704659405922e-14,[0.67 0.85],0.298557427407871,0.001
Schaefer100,pearson,all,original,poly2,Salience,0.5575535740268089,3.506024591684001,111,111,8.023276014835493e-11,[0.42 0.67],0.7159350192819913,3.506024591684001,111,111,8.023276014835493e-11,[0.59 0.8 ],0.5561497814079714,3.506024591684001,111,111,8.023276014835493e-11,[0.41 0.67],0.714776672596103,3.506024591684001,111,111,8.023276014835493e-11,[0.59 0.8 ],0.2059945511212281,0.001
Schaefer100,pearson,all,original,poly2,Ventral Attention,0.6087575567168525,4.090388510613569,111,111,5.076469734366098e-13,[0.48 0.71],0.756804596410665,4.090388510613569,111,111,5.076469734366098e-13,[0.65 0.83],0.6071026807030628,4.090388510613569,111,111,5.076469734366098e-13,[0.48 0.71],0.7555244453172989,4.090388510613569,111,111,5.076469734366098e-13,[0.64 0.83],0.1911134768638703,0.001
Schaefer100,pearson,all,original,poly2,Visual,0.6000904438972054,4.03935994861545,111,111,7.787325168338864e-13,[0.47 0.71],0.7500706553007288,4.03935994861545,111,111,7.787325168338864e-13,[0.64 0.83],0.603124202201612,4.03935994861545,111,111,7.787325168338864e-13,[0.47 0.71],0.7524360263207629,4.03935994861545,111,111,7.787325168338864e-13,[0.64 0.83],0.16591368861331213,0.001
Schaefer100,pearson,all,inverted,poly2,Auditory,0.6209822398289534,4.330423096629665,111,111,7.029714570935466e-14,[0.49 0.72],0.7661801894812612,4.330423096629665,111,111,7.029714570935466e-14,[0.66 0.84],0.6247952622626587,4.330423096629665,111,111,7.029714570935466e-14,[0.5  0.73],0.7690756820555728,4.330423096629665,111,111,7.029714570935466e-14,[0.66 0.84],0.14210221554168728,0.001
Schaefer100,pearson,all,inverted,poly2,Cingulo-Opercular,0.6233327536679455,4.532701284375045,111,111,1.3893121332264551e-14,[0.49 0.73],0.7679667058519154,4.532701284375045,111,111,1.3893121332264551e-14,[0.66 0.84],0.6385129257478224,4.532701284375045,111,111,1.3893121332264551e-14,[0.51 0.74],0.7793810054399213,4.532701284375045,111,111,1.3893121332264551e-14,[0.68 0.85],0.11774412789982809,0.001
Schaefer100,pearson,all,inverted,poly2,Dorsal Attention,0.5995983434872111,4.186199296278313,111,111,2.2897717944065766e-13,[0.46 0.71],0.7496861270561886,4.186199296278313,111,111,2.2897717944065766e-13,[0.63 0.83],0.6143611369822931,4.186199296278313,111,111,2.2897717944065766e-13,[0.48 0.72],0.7611198298922277,4.186199296278313,111,111,2.2897717944065766e-13,[0.65 0.84],0.1265090046614048,0.001
Schaefer100,pearson,all,inverted,poly2,Default Mode,0.5616049984357707,3.593562240078952,111,111,3.673082023837379e-11,[0.42 0.68],0.7192663945086235,3.593562240078952,111,111,3.673082023837379e-11,[0.59 0.81],0.5646080546052152,3.593562240078952,111,111,3.673082023837379e-11,[0.42 0.68],0.7217245915913149,3.593562240078952,111,111,3.673082023837379e-11,[0.6  0.81],1.4716730439163532,0.384
Schaefer100,pearson,all,inverted,poly2,Frontoparietal,0.6216042975340809,4.359540595513788,111,111,5.552608680047541e-14,[0.49 0.72],0.7666534905948802,4.359540595513788,111,111,5.552608680047541e-14,[0.66 0.84],0.6268336876347006,4.359540595513788,111,111,5.552608680047541e-14,[0.5  0.73],0.7706180323153644,4.359540595513788,111,111,5.552608680047541e-14,[0.67 0.84],6.4620903223163975,0.741
Schaefer100,pearson,all,inverted,poly2,Medial Parietal,0.5378557863957023,3.425834864090511,111,111,1.65297207958486e-10,[0.39 0.66],0.6994879378856241,3.425834864090511,111,111,1.65297207958486e-10,[0.56 0.79],0.5481078572932724,3.425834864090511,111,111,1.65297207958486e-10,[0.4  0.67],0.708100349353681,3.425834864090511,111,111,1.65297207958486e-10,[0.58 0.8 ],1.8733032247052381,0.04300000000000004
Schaefer100,pearson,all,inverted,poly2,Occipital Parietal,0.5861032027464751,3.8947290529980636,111,111,2.6573533451966677e-12,[0.45 0.7 ],0.7390480035997489,3.8947290529980636,111,111,2.6573533451966677e-12,[0.62 0.82],0.5913971992433406,3.8947290529980636,111,111,2.6573533451966677e-12,[0.46 0.7 ],0.7432427297528629,3.8947290529980636,111,111,2.6573533451966677e-12,[0.63 0.82],3.59736371581822,0.039000000000000035
Schaefer100,pearson,all,inverted,poly2,Dorsal Somatomotor,0.5388166591723504,3.383349033360877,111,111,2.4309069092813367e-10,[0.39 0.66],0.7003000077503085,3.383349033360877,111,111,2.4309069092813367e-10,[0.57 0.79],0.5437278699965798,3.383349033360877,111,111,2.4309069092813367e-10,[0.4  0.66],0.7044348690780383,3.383349033360877,111,111,2.4309069092813367e-10,[0.57 0.8 ],0.1274744734826201,0.001
Schaefer100,pearson,all,inverted,poly2,Lateral Somatomotor,0.6162525358925215,4.2767803314371164,111,111,1.0879938208355444e-13,[0.49 0.72],0.7625696136058547,4.2767803314371164,111,111,1.0879938208355444e-13,[0.66 0.84],0.6209810008416049,4.2767803314371164,111,111,1.0879938208355444e-13,[0.49 0.72],0.7661792464183045,4.2767803314371164,111,111,1.0879938208355444e-13,[0.66 0.84],0.12650417977509396,0.001
Schaefer100,pearson,all,inverted,poly2,Salience,0.5000746946766764,3.042577415380396,111,111,5.7324103154066704e-09,[0.35 0.63],0.6667330586287394,3.042577415380396,111,111,5.7324103154066704e-09,[0.52 0.77],0.5052661224517812,3.042577415380396,111,111,5.7324103154066704e-09,[0.35 0.63],0.6713312880898461,3.042577415380396,111,111,5.7324103154066704e-09,[0.52 0.77],14.444171012640558,0.6659999999999999
Schaefer100,pearson,all,inverted,poly2,Ventral Attention,0.4222707995265642,2.468977608713336,111,111,1.4825528886292684e-06,[0.26 0.56],0.5937980301179309,2.468977608713336,111,111,1.4825528886292684e-06,[0.41 0.72],0.42346125412385943,2.468977608713336,111,111,1.4825528886292684e-06,[0.26 0.56],0.5949740506066671,2.468977608713336,111,111,1.4825528886292684e-06,[0.41 0.72],0.3506067936605505,0.001
Schaefer100,pearson,all,inverted,poly2,Visual,0.6109398252087616,4.603063619780913,111,111,7.97869247328901e-15,[0.45 0.73],0.7584886978997988,4.603063619780913,111,111,7.97869247328901e-15,[0.62 0.84],0.6430524199405392,4.603063619780913,111,111,7.97869247328901e-15,[0.52 0.74],0.7827533828334104,4.603063619780913,111,111,7.97869247328901e-15,[0.68 0.85],0.16665716143235548,0.001
Schaefer200,pearson,all,original,auc,Auditory,0.6255315578978486,4.317640244503751,111,111,7.798770471531075e-14,[0.5  0.73],0.7696332376429423,4.317640244503751,111,111,7.798770471531075e-14,[0.67 0.84],0.6238933233463515,4.317640244503751,111,111,7.798770471531075e-14,[0.5  0.73],0.7683920050372479,4.317640244503751,111,111,7.798770471531075e-14,[0.66 0.84],0.14030746570170674,0.001
Schaefer200,pearson,all,original,auc,Cingulo-Opercular,0.5543793164405083,3.5201464714026844,111,111,7.069257977513867e-11,[0.41 0.67],0.7133127809626594,3.5201464714026844,111,111,7.069257977513867e-11,[0.58 0.8 ],0.5575364620033291,3.5201464714026844,111,111,7.069257977513867e-11,[0.42 0.67],0.7159209117791265,3.5201464714026844,111,111,7.069257977513867e-11,[0.59 0.8 ],0.11489676168703225,0.001
Schaefer200,pearson,all,original,auc,Dorsal Attention,0.4653375053410935,2.8128036187869894,111,111,5.143972424624211e-08,[0.31 0.6 ],0.6351267249285,2.8128036187869894,111,111,5.143972424624211e-08,[0.47 0.75],0.47545160990056895,2.8128036187869894,111,111,5.143972424624211e-08,[0.32 0.61],0.6444828237133575,2.8128036187869894,111,111,5.143972424624211e-08,[0.48 0.76],0.12924950019384937,0.001
Schaefer200,pearson,all,original,auc,Default Mode,0.555226383920519,3.7066668093079644,111,111,1.3545933486660609e-11,[0.4  0.68],0.7140135862675723,3.7066668093079644,111,111,1.3545933486660609e-11,[0.57 0.81],0.5750708344077438,3.7066668093079644,111,111,1.3545933486660609e-11,[0.44 0.69],0.7302158377200619,3.7066668093079644,111,111,1.3545933486660609e-11,[0.61 0.81],0.1335986207401898,0.001
Schaefer200,pearson,all,original,auc,Frontoparietal,0.4049796662581654,2.354714395853647,111,111,4.595315166711251e-06,[0.24 0.55],0.576491853916625,2.354714395853647,111,111,4.595315166711251e-06,[0.38 0.71],0.4038240624978521,2.354714395853647,111,111,4.595315166711251e-06,[0.24 0.55],0.5753200465581418,2.354714395853647,111,111,4.595315166711251e-06,[0.38 0.71],0.16357370862294693,0.001
Schaefer200,pearson,all,original,auc,Medial Parietal,0.606068207766869,4.0542351700275825,111,111,6.872234652742222e-13,[0.47 0.71],0.7547228752003834,4.0542351700275825,111,111,6.872234652742222e-13,[0.64 0.83],0.604292255362331,4.0542351700275825,111,111,6.872234652742222e-13,[0.47 0.71],0.7533443527418276,4.0542351700275825,111,111,6.872234652742222e-13,[0.64 0.83],0.2104666755221812,0.001
Schaefer200,pearson,all,original,auc,Occipital Parietal,0.5267945103250994,3.29397383286453,111,111,5.505506400528266e-10,[0.38 0.65],0.6900660262564468,3.29397383286453,111,111,5.505506400528266e-10,[0.55 0.79],0.5342309762829199,3.29397383286453,111,111,5.505506400528266e-10,[0.39 0.65],0.6964153175648111,3.29397383286453,111,111,5.505506400528266e-10,[0.56 0.79],0.18912993807773557,0.001
Schaefer200,pearson,all,original,auc,Dorsal Somatomotor,0.6158515635494837,4.236011587261218,111,111,1.5192559346884146e-13,[0.49 0.72],0.7622625461916372,4.236011587261218,111,111,1.5192559346884146e-13,[0.66 0.84],0.6180298750931273,4.236011587261218,111,111,1.5192559346884146e-13,[0.49 0.72],0.7639288799380864,4.236011587261218,111,111,1.5192559346884146e-13,[0.66 0.84],0.1561702926723099,0.001
Schaefer200,pearson,all,original,auc,Lateral Somatomotor,0.6124348185406103,4.175735835005541,111,111,2.4966374174521753e-13,[0.48 0.72],0.7596397838827563,4.175735835005541,111,111,2.4966374174521753e-13,[0.65 0.83],0.6135815150237746,4.175735835005541,111,111,2.4966374174521753e-13,[0.48 0.72],0.7605212495443516,4.175735835005541,111,111,2.4966374174521753e-13,[0.65 0.84],0.14568957959654744,0.001
Schaefer200,pearson,all,original,auc,Salience,0.6769000226903271,5.153905992851142,111,111,1.217995585177888e-16,[0.56 0.77],0.8073230526937981,5.153905992851142,111,111,1.217995585177888e-16,[0.72 0.87],0.6750031602167216,5.153905992851142,111,111,1.217995585177888e-16,[0.56 0.76],0.8059724020214813,5.153905992851142,111,111,1.217995585177888e-16,[0.72 0.87],0.19987556156530478,0.001
Schaefer200,pearson,all,original,auc,Ventral Attention,0.5984830804425115,3.9661169780962555,111,111,1.445958568449883e-12,[0.47 0.71],0.7488137819723837,3.9661169780962555,111,111,1.445958568449883e-12,[0.63 0.83],0.597270863972541,3.9661169780962555,111,111,1.445958568449883e-12,[0.46 0.7 ],0.7478642194562798,3.9661169780962555,111,111,1.445958568449883e-12,[0.63 0.83],0.2292051761687912,0.001
Schaefer200,pearson,all,original,auc,Visual,0.5694011453870316,3.665467656441222,111,111,1.9450618065561566e-11,[0.43 0.68],0.7256285584608911,3.665467656441222,111,111,1.9450618065561566e-11,[0.6  0.81],0.5713184299458669,3.665467656441222,111,111,1.9450618065561566e-11,[0.43 0.68],0.7271835155214837,3.665467656441222,111,111,1.9450618065561566e-11,[0.6  0.81],0.11900070507460754,0.001
Schaefer200,pearson,all,inverted,auc,Auditory,0.5958372243901229,3.9472487237043055,111,111,1.6974058265485027e-12,[0.46 0.7 ],0.7467393482036773,3.9472487237043055,111,111,1.6974058265485027e-12,[0.63 0.83],0.5957349000026668,3.9472487237043055,111,111,1.6974058265485027e-12,[0.46 0.7 ],0.7466589845238971,3.9472487237043055,111,111,1.6974058265485027e-12,[0.63 0.83],0.15183730175274246,0.001
Schaefer200,pearson,all,inverted,auc,Cingulo-Opercular,0.6086130305648461,4.337214845497339,111,111,6.652888783416933e-14,[0.47 0.72],0.7566929012767459,4.337214845497339,111,111,6.652888783416933e-14,[0.64 0.84],0.6252727203426578,4.337214845497339,111,111,6.652888783416933e-14,[0.5  0.73],0.7694372919897787,4.337214845497339,111,111,6.652888783416933e-14,[0.66 0.84],0.12912060362478256,0.001
Schaefer200,pearson,all,inverted,auc,Dorsal Attention,0.4866630867855148,3.0543896146360097,111,111,5.1276657220016335e-09,[0.33 0.62],0.6547052807207112,3.0543896146360097,111,111,5.1276657220016335e-09,[0.49 0.76],0.506707497281424,3.0543896146360097,111,111,5.1276657220016335e-09,[0.36 0.63],0.6726023441121575,3.0543896146360097,111,111,5.1276657220016335e-09,[0.52 0.77],0.1466702180621929,0.001
Schaefer200,pearson,all,inverted,auc,Default Mode,0.4938191865285416,3.0491582998346605,111,111,5.387104502087453e-09,[0.34 0.62],0.6611498780868101,3.0491582998346605,111,111,5.387104502087453e-09,[0.51 0.77],0.5060701874555841,3.0491582998346605,111,111,5.387104502087453e-09,[0.35 0.63],0.672040641493023,3.0491582998346605,111,111,5.387104502087453e-09,[0.52 0.77],0.13409294594249074,0.001
Schaefer200,pearson,all,inverted,auc,Frontoparietal,0.6366197439810616,4.51676159253713,111,111,1.5763557760142778e-14,[0.51 0.73],0.7779690381010438,4.51676159253713,111,111,1.5763557760142778e-14,[0.68 0.85],0.6374684737681023,4.51676159253713,111,111,1.5763557760142778e-14,[0.51 0.74],0.7786024390456514,4.51676159253713,111,111,1.5763557760142778e-14,[0.68 0.85],0.1714717079498025,0.001
Schaefer200,pearson,all,inverted,auc,Medial Parietal,0.6055018763769298,4.122566038946345,111,111,3.8813414176525585e-13,[0.47 0.71],0.7542836109831788,4.122566038946345,111,111,3.8813414176525585e-13,[0.64 0.83],0.6095706751666635,4.122566038946345,111,111,3.8813414176525585e-13,[0.48 0.71],0.7574326304168598,4.122566038946345,111,111,3.8813414176525585e-13,[0.65 0.83],0.19301427975815966,0.001
Schaefer200,pearson,all,inverted,auc,Occipital Parietal,0.49824509588744176,3.0295298555663206,111,111,6.48464154036988e-09,[0.35 0.62],0.6651049247617539,3.0295298555663206,111,111,6.48464154036988e-09,[0.51 0.77],0.5036641812599463,3.0295298555663206,111,111,6.48464154036988e-09,[0.35 0.63],0.6699157797825807,3.0295298555663206,111,111,6.48464154036988e-09,[0.52 0.77],0.14742087635754028,0.001
Schaefer200,pearson,all,inverted,auc,Dorsal Somatomotor,0.6194331567306652,4.241999990991284,111,111,1.446391979436605e-13,[0.49 0.72],0.7649999682372636,4.241999990991284,111,111,1.446391979436605e-13,[0.66 0.84],0.6184662336060418,4.241999990991284,111,111,1.446391979436605e-13,[0.49 0.72],0.764262139999129,4.241999990991284,111,111,1.446391979436605e-13,[0.66 0.84],0.14395055980043484,0.001
Schaefer200,pearson,all,inverted,auc,Lateral Somatomotor,0.5971067279370131,4.007130426116485,111,111,1.0217811870163798e-12,[0.46 0.7 ],0.747735536382465,4.007130426116485,111,111,1.0217811870163798e-12,[0.63 0.83],0.6005696217601438,4.007130426116485,111,111,1.0217811870163798e-12,[0.47 0.71],0.7504448586243919,4.007130426116485,111,111,1.0217811870163798e-12,[0.64 0.83],0.14303598461691064,0.001
Schaefer200,pearson,all,inverted,auc,Salience,0.5624123004002866,3.719684948022747,111,111,1.2087110437235876e-11,[0.42 0.68],0.7199281524552742,3.719684948022747,111,111,1.2087110437235876e-11,[0.59 0.81],0.5762429013746194,3.719684948022747,111,111,1.2087110437235876e-11,[0.44 0.69],0.7311600272674802,3.719684948022747,111,111,1.2087110437235876e-11,[0.61 0.82],0.18480956429484482,0.001
Schaefer200,pearson,all,inverted,auc,Ventral Attention,0.48652509146871814,3.14037249240416,111,111,2.2869416633103825e-09,[0.31 0.63],0.6545803959326663,3.14037249240416,111,111,2.2869416633103825e-09,[0.48 0.77],0.5169516743555905,3.14037249240416,111,111,2.2869416633103825e-09,[0.37 0.64],0.6815664376061215,3.14037249240416,111,111,2.2869416633103825e-09,[0.54 0.78],0.15305710542551312,0.001
Schaefer200,pearson,all,inverted,auc,Visual,0.6211782322350945,4.2907000322430235,111,111,9.711446014408082e-14,[0.49 0.72],0.7663293521757756,4.2907000322430235,111,111,9.711446014408082e-14,[0.66 0.84],0.6219781904452277,4.2907000322430235,111,111,9.711446014408082e-14,[0.49 0.72],0.766937797449048,4.2907000322430235,111,111,9.711446014408082e-14,[0.66 0.84],0.1431612956738884,0.001
Schaefer200,pearson,all,original,poly2,Auditory,0.5949451918358667,4.022352342924903,111,111,8.986342599192503e-13,[0.46 0.7 ],0.7460384154656162,4.022352342924903,111,111,8.986342599192503e-13,[0.63 0.83],0.6017802289762798,4.022352342924903,111,111,8.986342599192503e-13,[0.47 0.71],0.7513892581392217,4.022352342924903,111,111,8.986342599192503e-13,[0.64 0.83],0.2742587442728,0.001
Schaefer200,pearson,all,original,poly2,Cingulo-Opercular,0.6421886170298418,4.592705553155599,111,111,8.654859873217005e-15,[0.52 0.74],0.7821131024417178,4.592705553155599,111,111,8.654859873217005e-15,[0.68 0.85],0.6423913290283036,4.592705553155599,111,111,8.654859873217005e-15,[0.52 0.74],0.7822634200198376,4.592705553155599,111,111,8.654859873217005e-15,[0.68 0.85],0.18401546954724812,0.001
Schaefer200,pearson,all,original,poly2,Dorsal Attention,0.48897243313897437,2.9107835765461227,111,111,2.006399351117395e-08,[0.33 0.62],0.6567917877541198,2.9107835765461227,111,111,2.006399351117395e-08,[0.5  0.76],0.48859353608968176,2.9107835765461227,111,111,2.006399351117395e-08,[0.33 0.62],0.6564498961525062,2.9107835765461227,111,111,2.006399351117395e-08,[0.5  0.76],0.20822269090942755,0.001
Schaefer200,pearson,all,original,poly2,Default Mode,0.6617202278335172,5.292045484733012,111,111,4.4527513985161695e-17,[0.53 0.76],0.7964279627217885,5.292045484733012,111,111,4.4527513985161695e-17,[0.69 0.86],0.6821383435875041,5.292045484733012,111,111,4.4527513985161695e-17,[0.57 0.77],0.8110371494566905,5.292045484733012,111,111,4.4527513985161695e-17,[0.73 0.87],0.1276451979933059,0.001
Schaefer200,pearson,all,original,poly2,Frontoparietal,0.5503889512427792,3.4271256674878456,111,111,1.6337638505327546e-10,[0.41 0.67],0.71000112688057,3.4271256674878456,111,111,1.6337638505327546e-10,[0.58 0.8 ],0.5482396140936989,3.4271256674878456,111,111,1.6337638505327546e-10,[0.4  0.67],0.7082102913567739,3.4271256674878456,111,111,1.6337638505327546e-10,[0.58 0.8 ],0.13079761934285558,0.001
Schaefer200,pearson,all,original,poly2,Medial Parietal,0.5803531261538806,3.9955593155805382,111,111,1.1267450075728138e-12,[0.43 0.7 ],0.7344600602857555,3.9955593155805382,111,111,1.1267450075728138e-12,[0.6  0.82],0.5996444294511237,3.9955593155805382,111,111,1.1267450075728138e-12,[0.47 0.71],0.7497221487613671,3.9955593155805382,111,111,1.1267450075728138e-12,[0.64 0.83],0.15255537362850888,0.001
Schaefer200,pearson,all,original,poly2,Occipital Parietal,0.49782742789955076,2.9662853698241607,111,111,1.1815147612022221e-08,[0.34 0.63],0.664732690330914,2.9662853698241607,111,111,1.1815147612022221e-08,[0.51 0.77],0.49574984815359685,2.9662853698241607,111,111,1.1815147612022221e-08,[0.34 0.62],0.6628780190291403,2.9662853698241607,111,111,1.1815147612022221e-08,[0.51 0.77],0.14454524432567248,0.001
Schaefer200,pearson,all,original,poly2,Dorsal Somatomotor,0.6429989181704926,4.582992270994326,111,111,9.341784548430446e-15,[0.52 0.74],0.782713745041881,4.582992270994326,111,111,9.341784548430446e-15,[0.68 0.85],0.6417691619616371,4.582992270994326,111,111,9.341784548430446e-15,[0.52 0.74],0.7818019449151198,4.582992270994326,111,111,9.341784548430446e-15,[0.68 0.85],0.3231348238840195,0.001
Schaefer200,pearson,all,original,poly2,Lateral Somatomotor,0.5877045107362076,3.8606369847658333,111,111,3.560261592388284e-12,[0.45 0.7 ],0.7403197594540977,3.8606369847658333,111,111,3.560261592388284e-12,[0.62 0.82],0.588531296151434,3.8606369847658333,111,111,3.560261592388284e-12,[0.45 0.7 ],0.7409753872363487,3.8606369847658333,111,111,3.560261592388284e-12,[0.62 0.82],0.2805508776096546,0.001
Schaefer200,pearson,all,original,poly2,Salience,0.5668730968973755,3.6143039071186394,111,111,3.0559397864354604e-11,[0.43 0.68],0.7235724424905403,3.6143039071186394,111,111,3.0559397864354604e-11,[0.6  0.81],0.5665651764040651,3.6143039071186394,111,111,3.0559397864354604e-11,[0.43 0.68],0.7233215507886799,3.6143039071186394,111,111,3.0559397864354604e-11,[0.6  0.81],0.2364330083183554,0.001
Schaefer200,pearson,all,original,poly2,Ventral Attention,0.6238872201915642,4.306252086834159,111,111,8.5556877872684e-14,[0.5  0.73],0.7683873762094962,4.306252086834159,111,111,8.5556877872684e-14,[0.66 0.84],0.6230861317421409,4.306252086834159,111,111,8.5556877872684e-14,[0.5  0.72],0.7677795029563229,4.306252086834159,111,111,8.5556877872684e-14,[0.66 0.84],0.1568112119046706,0.001
Schaefer200,pearson,all,original,poly2,Visual,0.6089888465402844,4.164080643765243,111,111,2.749501881366054e-13,[0.48 0.71],0.7569833039548508,4.164080643765243,111,111,2.749501881366054e-13,[0.65 0.83],0.6127093788872832,4.164080643765243,111,111,2.749501881366054e-13,[0.48 0.72],0.7598509525752651,4.164080643765243,111,111,2.749501881366054e-13,[0.65 0.83],0.16591217187610127,0.001
Schaefer200,pearson,all,inverted,poly2,Auditory,0.5192101406681572,3.2278065964078615,111,111,1.013767711601093e-09,[0.37 0.64],0.683526428331772,3.2278065964078615,111,111,1.013767711601093e-09,[0.54 0.78],0.5269414637605959,3.2278065964078615,111,111,1.013767711601093e-09,[0.38 0.65],0.6901920948073924,3.2278065964078615,111,111,1.013767711601093e-09,[0.55 0.79],0.12168449527189197,0.001
Schaefer200,pearson,all,inverted,poly2,Cingulo-Opercular,0.6623937587407845,5.0601696679060275,111,111,2.4338401586748025e-16,[0.54 0.76],0.7969155986756455,5.0601696679060275,111,111,2.4338401586748025e-16,[0.7  0.86],0.669976236706412,5.0601696679060275,111,111,2.4338401586748025e-16,[0.55 0.76],0.8023781680004783,5.0601696679060275,111,111,2.4338401586748025e-16,[0.71 0.86],0.11129832599136966,0.001
Schaefer200,pearson,all,inverted,poly2,Dorsal Attention,0.6082261496216793,4.523470910920873,111,111,1.4946927376611173e-14,[0.45 0.73],0.7563938066356639,4.523470910920873,111,111,1.4946927376611173e-14,[0.62 0.84],0.6379088380739638,4.523470910920873,111,111,1.4946927376611173e-14,[0.51 0.74],0.7789308211122279,4.523470910920873,111,111,1.4946927376611173e-14,[0.68 0.85],0.13793085621345028,0.001
Schaefer200,pearson,all,inverted,poly2,Default Mode,0.6201601786222901,4.2649098158797,111,111,1.1988693873587226e-13,[0.49 0.72],0.7655541554535008,4.2649098158797,111,111,1.1988693873587226e-13,[0.66 0.84],0.6201264466168591,4.2649098158797,111,111,1.1988693873587226e-13,[0.49 0.72],0.7655284535497886,4.2649098158797,111,111,1.1988693873587226e-13,[0.66 0.84],1.0364722242194,0.391
Schaefer200,pearson,all,inverted,poly2,Frontoparietal,0.668534652232751,5.0561983837894555,111,111,2.5067077303984093e-16,[0.55 0.76],0.8013434438873066,5.0561983837894555,111,111,2.5067077303984093e-16,[0.71 0.86],0.6697598273277551,5.0561983837894555,111,111,2.5067077303984093e-16,[0.55 0.76],0.802222950110883,5.0561983837894555,111,111,2.5067077303984093e-16,[0.71 0.86],0.2971415354209648,0.001
Schaefer200,pearson,all,inverted,poly2,Medial Parietal,0.5596653391210887,3.746276092475646,111,111,9.582564213874956e-12,[0.41 0.68],0.7176736253387209,3.746276092475646,111,111,9.582564213874956e-12,[0.58 0.81],0.5786170123624635,3.746276092475646,111,111,9.582564213874956e-12,[0.44 0.69],0.7330682589015558,3.746276092475646,111,111,9.582564213874956e-12,[0.61 0.82],0.36367973196457914,0.001
Schaefer200,pearson,all,inverted,poly2,Occipital Parietal,0.6200527602238949,4.44191464682517,111,111,2.861995206770843e-14,[0.49 0.72],0.7654723049120971,4.44191464682517,111,111,2.861995206770843e-14,[0.66 0.84],0.6324822916568884,4.44191464682517,111,111,2.861995206770843e-14,[0.51 0.73],0.7748718560554189,4.44191464682517,111,111,2.861995206770843e-14,[0.67 0.85],23.64749441749609,0.73
Schaefer200,pearson,all,inverted,poly2,Dorsal Somatomotor,0.5663283131688854,3.600035154696075,111,111,3.468001098535312e-11,[0.43 0.68],0.7231284889732087,3.600035154696075,111,111,3.468001098535312e-11,[0.6  0.81],0.5652207140290562,3.600035154696075,111,111,3.468001098535312e-11,[0.42 0.68],0.7222249347494434,3.600035154696075,111,111,3.468001098535312e-11,[0.6  0.81],0.11641890021990174,0.001
Schaefer200,pearson,all,inverted,poly2,Lateral Somatomotor,0.44172411805818945,2.5926625020563785,111,111,4.3858795557066595e-07,[0.28 0.58],0.6127720449778327,2.5926625020563785,111,111,4.3858795557066595e-07,[0.44 0.73],0.4433098018933773,2.5926625020563785,111,111,4.3858795557066595e-07,[0.28 0.58],0.6142961148214059,2.5926625020563785,111,111,4.3858795557066595e-07,[0.44 0.73],0.12924950432802806,0.001
Schaefer200,pearson,all,inverted,poly2,Salience,0.5399348707687044,3.342927048342521,111,111,3.5147377217709007e-10,[0.39 0.66],0.701243774678834,3.342927048342521,111,111,3.5147377217709007e-10,[0.57 0.79],0.539481097025726,3.342927048342521,111,111,3.5147377217709007e-10,[0.39 0.66],0.7008609564196693,3.342927048342521,111,111,3.5147377217709007e-10,[0.57 0.79],0.4322496940593312,0.001
Schaefer200,pearson,all,inverted,poly2,Ventral Attention,0.3711652152919225,2.1707875416332776,111,111,2.8532211835552887e-05,[0.2  0.52],0.5413865683763003,2.1707875416332776,111,111,2.8532211835552887e-05,[0.33 0.68],0.3692418764299178,2.1707875416332776,111,111,2.8532211835552887e-05,[0.2  0.52],0.5393376915883668,2.1707875416332776,111,111,2.8532211835552887e-05,[0.33 0.68],0.5812234017834809,0.265
Schaefer200,pearson,all,inverted,poly2,Visual,0.6274430042985301,4.613764622417664,111,111,7.336360798845959e-15,[0.49 0.73],0.7710783144371611,4.613764622417664,111,111,7.336360798845959e-15,[0.66 0.84],0.6437328362480104,4.613764622417664,111,111,7.336360798845959e-15,[0.52 0.74],0.7832572569608051,4.613764622417664,111,111,7.336360798845959e-15,[0.68 0.85],0.1308095178877806,0.001
Schaefer400,pearson,all,original,auc,Auditory,0.624944257581436,4.308114693846696,111,111,8.426968893869661e-14,[0.5  0.73],0.769188548672558,4.308114693846696,111,111,8.426968893869661e-14,[0.66 0.84],0.6232183900776577,4.308114693846696,111,111,8.426968893869661e-14,[0.5  0.72],0.7678799031445691,4.308114693846696,111,111,8.426968893869661e-14,[0.66 0.84],0.14897473435413197,0.001
Schaefer400,pearson,all,original,auc,Cingulo-Opercular,0.5498282854168097,3.476914840479328,111,111,1.0422373501863119e-10,[0.41 0.67],0.7095344569336458,3.476914840479328,111,111,1.0422373501863119e-10,[0.58 0.8 ],0.5532637829255945,3.476914840479328,111,111,1.0422373501863119e-10,[0.41 0.67],0.7123886992118162,3.476914840479328,111,111,1.0422373501863119e-10,[0.58 0.8 ],0.12402272057352201,0.001
Schaefer400,pearson,all,original,auc,Dorsal Attention,0.46821602822164005,2.836216567701003,111,111,4.104577812842647e-08,[0.31 0.6 ],0.63780263833349,2.836216567701003,111,111,4.104577812842647e-08,[0.47 0.75],0.47865299971878933,2.836216567701003,111,111,4.104577812842647e-08,[0.32 0.61],0.6474176156404777,2.836216567701003,111,111,4.104577812842647e-08,[0.49 0.76],0.13205638586782856,0.001
Schaefer400,pearson,all,original,auc,Default Mode,0.5672739308491963,3.8293501194433377,111,111,4.6615218769575015e-12,[0.42 0.68],0.7238988918061442,3.8293501194433377,111,111,4.6615218769575015e-12,[0.59 0.81],0.585865602920806,3.8293501194433377,111,111,4.6615218769575015e-12,[0.45 0.7 ],0.738859083445374,3.8293501194433377,111,111,4.6615218769575015e-12,[0.62 0.82],0.13296361496341663,0.001
Schaefer400,pearson,all,original,auc,Frontoparietal,0.38233894548844805,2.231836026788063,111,111,1.5563730447752123e-05,[0.21 0.53],0.5531768409423623,2.231836026788063,111,111,1.5563730447752123e-05,[0.35 0.69],0.38115672224011765,2.231836026788063,111,111,1.5563730447752123e-05,[0.21 0.53],0.551938409454235,2.231836026788063,111,111,1.5563730447752123e-05,[0.35 0.69],0.16267288922946146,0.001
Schaefer400,pearson,all,original,auc,Medial Parietal,0.5811694065941988,3.7634430151527716,111,111,8.25186710056883e-12,[0.44 0.69],0.735113396667627,3.7634430151527716,111,111,8.25186710056883e-12,[0.62 0.82],0.5801356301234442,3.7634430151527716,111,111,8.25186710056883e-12,[0.44 0.69],0.7342858664330257,3.7634430151527716,111,111,8.25186710056883e-12,[0.61 0.82],0.1947803811020415,0.001
Schaefer400,pearson,all,original,auc,Occipital Parietal,0.5431123000398426,3.4914710245960476,111,111,9.143356877298244e-11,[0.4  0.66],0.7039180492901516,3.4914710245960476,111,111,9.143356877298244e-11,[0.57 0.8 ],0.5547115880192336,3.4914710245960476,111,111,9.143356877298244e-11,[0.41 0.67],0.7135877706114726,3.4914710245960476,111,111,9.143356877298244e-11,[0.58 0.8 ],0.185266825775169,0.001
Schaefer400,pearson,all,original,auc,Dorsal Somatomotor,0.6223583651751098,4.33060814397152,111,111,7.019165818418962e-14,[0.5  0.72],0.767226746610864,4.33060814397152,111,111,7.019165818418962e-14,[0.66 0.84],0.6248082871629129,4.33060814397152,111,111,7.019165818418962e-14,[0.5  0.73],0.7690855494759868,4.33060814397152,111,111,7.019165818418962e-14,[0.66 0.84],0.16874204438902587,0.001
Schaefer400,pearson,all,original,auc,Lateral Somatomotor,0.6100857520272612,4.147236271686338,111,111,3.161645640248653e-13,[0.48 0.71],0.7578301357664974,4.147236271686338,111,111,3.161645640248653e-13,[0.65 0.83],0.6114419672161738,4.147236271686338,111,111,3.161645640248653e-13,[0.48 0.72],0.758875565680423,4.147236271686338,111,111,3.161645640248653e-13,[0.65 0.83],0.15480260265174034,0.001
Schaefer400,pearson,all,original,auc,Salience,0.6523420019486791,4.719392838025697,111,111,3.22268862697521e-15,[0.53 0.75],0.7895968282345224,4.719392838025697,111,111,3.22268862697521e-15,[0.69 0.86],0.6503125320046403,4.719392838025697,111,111,3.22268862697521e-15,[0.53 0.75],0.7881083363218523,4.719392838025697,111,111,3.22268862697521e-15,[0.69 0.85],0.18517019638960255,0.001
Schaefer400,pearson,all,original,auc,Ventral Attention,0.5660079140156368,3.5908563026332674,111,111,3.762417691885393e-11,[0.43 0.68],0.7228672460080366,3.5908563026332674,111,111,3.762417691885393e-11,[0.6  0.81],0.5643514263661835,3.5908563026332674,111,111,3.762417691885393e-11,[0.42 0.68],0.7215148934624106,3.5908563026332674,111,111,3.762417691885393e-11,[0.6  0.81],0.23259308803276818,0.001
Schaefer400,pearson,all,original,auc,Visual,0.5807834771624141,3.781500233504931,111,111,7.053440026576228e-12,[0.44 0.69],0.734804589689854,3.781500233504931,111,111,7.053440026576228e-12,[0.62 0.82],0.5817212376179344,3.781500233504931,111,111,7.053440026576228e-12,[0.44 0.69],0.7355546904004452,3.781500233504931,111,111,7.053440026576228e-12,[0.62 0.82],0.12077777410582856,0.001
Schaefer400,pearson,all,inverted,auc,Auditory,0.5738812092253391,3.6858992236332138,111,111,1.62522913365695e-11,[0.44 0.69],0.7292560656566986,3.6858992236332138,111,111,1.62522913365695e-11,[0.61 0.81],0.5731875773356263,3.6858992236332138,111,111,1.62522913365695e-11,[0.43 0.69],0.7286957837620167,3.6858992236332138,111,111,1.62522913365695e-11,[0.61 0.81],0.15016090868472579,0.001
Schaefer400,pearson,all,inverted,auc,Cingulo-Opercular,0.6291623039753121,4.7045459569827,111,111,3.6154069073869904e-15,[0.49 0.74],0.7723752292084046,4.7045459569827,111,111,3.6154069073869904e-15,[0.66 0.85],0.6494024213177068,4.7045459569827,111,111,3.6154069073869904e-15,[0.53 0.74],0.787439636227646,4.7045459569827,111,111,3.6154069073869904e-15,[0.69 0.85],0.12772119557116624,0.001
Schaefer400,pearson,all,inverted,auc,Dorsal Attention,0.5078779236908529,3.201838177406388,111,111,1.2898127434645063e-09,[0.35 0.64],0.6736326803534777,3.201838177406388,111,111,1.2898127434645063e-09,[0.52 0.78],0.5240178427731568,3.201838177406388,111,111,1.2898127434645063e-09,[0.38 0.65],0.6876794064558134,3.201838177406388,111,111,1.2898127434645063e-09,[0.55 0.79],0.14201805582174315,0.001
Schaefer400,pearson,all,inverted,auc,Default Mode,0.49093499077702707,3.0194632269099637,111,111,7.1326143908695204e-09,[0.34 0.62],0.6585598886792076,3.0194632269099637,111,111,7.1326143908695204e-09,[0.5  0.77],0.5024211226488725,3.0194632269099637,111,111,7.1326143908695204e-09,[0.35 0.63],0.6688153076057255,3.0194632269099637,111,111,7.1326143908695204e-09,[0.52 0.77],0.1363050229802114,0.001
Schaefer400,pearson,all,inverted,auc,Frontoparietal,0.6370584958522295,4.518456170277265,111,111,1.5553118441367277e-14,[0.51 0.74],0.7782965574734528,4.518456170277265,111,111,1.5553118441367277e-14,[0.68 0.85],0.6375797979927574,4.518456170277265,111,111,1.5553118441367277e-14,[0.51 0.74],0.7786854708079115,4.518456170277265,111,111,1.5553118441367277e-14,[0.68 0.85],0.1824986595800074,0.001
Schaefer400,pearson,all,inverted,auc,Medial Parietal,0.5967030389569791,4.037131959326658,111,111,7.934661201878544e-13,[0.46 0.7 ],0.7474189306319174,4.037131959326658,111,111,7.934661201878544e-13,[0.63 0.83],0.6029486588500351,4.037131959326658,111,111,7.934661201878544e-13,[0.47 0.71],0.7522994021313123,4.037131959326658,111,111,7.934661201878544e-13,[0.64 0.83],0.19580968183381023,0.001
Schaefer400,pearson,all,inverted,auc,Occipital Parietal,0.46896147599762417,2.8054360291370393,111,111,5.523162766615944e-08,[0.31 0.6 ],0.6384939069680309,2.8054360291370393,111,111,5.523162766615944e-08,[0.48 0.75],0.4744360476206609,2.8054360291370393,111,111,5.523162766615944e-08,[0.32 0.61],0.6435491703913123,2.8054360291370393,111,111,5.523162766615944e-08,[0.48 0.75],0.14775210240252018,0.001
Schaefer400,pearson,all,inverted,auc,Dorsal Somatomotor,0.5860654600339116,3.8123354351216125,111,111,5.399680201937533e-12,[0.45 0.7 ],0.7390179974304225,3.8123354351216125,111,111,5.399680201937533e-12,[0.62 0.82],0.5844013728960982,3.8123354351216125,111,111,5.399680201937533e-12,[0.45 0.69],0.7376935956927148,3.8123354351216125,111,111,5.399680201937533e-12,[0.62 0.82],0.14547270550688443,0.001
Schaefer400,pearson,all,inverted,auc,Lateral Somatomotor,0.5693234143808003,3.666166988581564,111,111,1.9331244370981093e-11,[0.43 0.68],0.7255654368802432,3.666166988581564,111,111,1.9331244370981093e-11,[0.6  0.81],0.5713826777108193,3.666166988581564,111,111,1.9331244370981093e-11,[0.43 0.68],0.7272355560686288,3.666166988581564,111,111,1.9331244370981093e-11,[0.6  0.81],0.1461244836877978,0.001
Schaefer400,pearson,all,inverted,auc,Salience,0.5545461959225495,3.6422827453711024,111,111,2.3861513054767244e-11,[0.41 0.67],0.7134509059648145,3.6422827453711024,111,111,2.3861513054767244e-11,[0.58 0.8 ],0.5691774694261712,3.6422827453711024,111,111,2.3861513054767244e-11,[0.43 0.68],0.7254469051665805,3.6422827453711024,111,111,2.3861513054767244e-11,[0.6  0.81],0.1894252691463012,0.001
Schaefer400,pearson,all,inverted,auc,Ventral Attention,0.5044468335042713,3.3473131660228073,111,111,3.3766218165865837e-10,[0.32 0.64],0.6706077240752677,3.3473131660228073,111,111,3.3766218165865837e-10,[0.49 0.78],0.539945726562477,3.3473131660228073,111,111,3.3766218165865837e-10,[0.39 0.66],0.7012529302156169,3.3473131660228073,111,111,3.3766218165865837e-10,[0.57 0.79],0.14204677357150064,0.001
Schaefer400,pearson,all,inverted,auc,Visual,0.608675085692341,4.121881073423995,111,111,3.9035404744108907e-13,[0.48 0.71],0.7567408622237468,4.121881073423995,111,111,3.9035404744108907e-13,[0.65 0.83],0.6095184618054801,4.121881073423995,111,111,3.9035404744108907e-13,[0.48 0.71],0.7573923210818617,4.121881073423995,111,111,3.9035404744108907e-13,[0.65 0.83],0.14044708388392013,0.001
Schaefer400,pearson,all,original,poly2,Auditory,0.6240764824673602,4.476601456808519,111,111,2.169383425219869e-14,[0.49 0.73],0.7685309025831578,4.476601456808519,111,111,2.169383425219869e-14,[0.66 0.84],0.6348100157053428,4.476601456808519,111,111,2.169383425219869e-14,[0.51 0.73],0.7766162546189839,4.476601456808519,111,111,2.169383425219869e-14,[0.68 0.85],0.35829468232308825,0.001
Schaefer400,pearson,all,original,poly2,Cingulo-Opercular,0.5913025239431123,3.901919709083273,111,111,2.498752546358904e-12,[0.46 0.7 ],0.743167958381559,3.901919709083273,111,111,2.498752546358904e-12,[0.63 0.82],0.5919965811977715,3.901919709083273,111,111,2.498752546358904e-12,[0.46 0.7 ],0.7437158951087328,3.901919709083273,111,111,2.498752546358904e-12,[0.63 0.82],0.20243894616449795,0.001
Schaefer400,pearson,all,original,poly2,Dorsal Attention,0.4251724532719719,2.4714057262618545,111,111,1.4474163158007001e-06,[0.26 0.57],0.5966610599241415,2.4714057262618545,111,111,1.4474163158007001e-06,[0.41 0.72],0.4238645212601875,2.4714057262618545,111,111,1.4474163158007001e-06,[0.26 0.56],0.5953719822796727,2.4714057262618545,111,111,1.4474163158007001e-06,[0.41 0.72],0.16304203571779724,0.001
Schaefer400,pearson,all,original,poly2,Default Mode,0.6549039438876207,5.126633845428993,111,111,1.4885785445504641e-16,[0.52 0.75],0.7914706425185645,5.126633845428993,111,111,1.4885785445504641e-16,[0.69 0.86],0.6735564666571062,5.126633845428993,111,111,1.4885785445504641e-16,[0.56 0.76],0.8049402336600223,5.126633845428993,111,111,1.4885785445504641e-16,[0.72 0.87],0.1295129245129116,0.001
Schaefer400,pearson,all,original,poly2,Frontoparietal,0.5547552238101459,3.4697567818534276,111,111,1.1116388439438784e-10,[0.41 0.67],0.7136238750825875,3.4697567818534276,111,111,1.1116388439438784e-10,[0.58 0.8 ],0.5525483605462128,3.4697567818534276,111,111,1.1116388439438784e-10,[0.41 0.67],0.711795361210928,3.4697567818534276,111,111,1.1116388439438784e-10,[0.58 0.8 ],0.11558498815666189,0.001
Schaefer400,pearson,all,original,poly2,Medial Parietal,0.5459601643005456,3.584584639832246,111,111,3.978036397125257e-11,[0.39 0.67],0.7063056046435192,3.584584639832246,111,111,3.978036397125257e-11,[0.57 0.8 ],0.5637554637723557,3.584584639832246,111,111,3.978036397125257e-11,[0.42 0.68],0.7210276502086449,3.584584639832246,111,111,3.978036397125257e-11,[0.59 0.81],0.1516370537305056,0.001
Schaefer400,pearson,all,original,poly2,Occipital Parietal,0.5689647445124891,3.6662376788129145,111,111,1.931921918272476e-11,[0.43 0.68],0.7252740974613532,3.6662376788129145,111,111,1.931921918272476e-11,[0.6  0.81],0.5713891709629335,3.6662376788129145,111,111,1.931921918272476e-11,[0.43 0.68],0.727240815351669,3.6662376788129145,111,111,1.931921918272476e-11,[0.6  0.81],0.1371388930745892,0.001
Schaefer400,pearson,all,original,poly2,Dorsal Somatomotor,0.6134347859123165,4.161465429720596,111,111,2.809723346708988e-13,[0.48 0.72],0.7604085287716786,4.161465429720596,111,111,2.809723346708988e-13,[0.65 0.84],0.612513146269728,4.161465429720596,111,111,2.809723346708988e-13,[0.48 0.72],0.7597000343056699,4.161465429720596,111,111,2.809723346708988e-13,[0.65 0.83],0.33882245533266847,0.001
Schaefer400,pearson,all,original,poly2,Lateral Somatomotor,0.6145184128198028,4.18643145666348,111,111,2.285384652980835e-13,[0.49 0.72],0.7612405135058556,4.18643145666348,111,111,2.285384652980835e-13,[0.65 0.84],0.6143783993461598,4.18643145666348,111,111,2.285384652980835e-13,[0.48 0.72],0.76113307709641,4.18643145666348,111,111,2.285384652980835e-13,[0.65 0.84],0.28636733380480767,0.001
Schaefer400,pearson,all,original,poly2,Salience,0.5424155559338327,3.354223042194986,111,111,3.170089796271485e-10,[0.4  0.66],0.703332579663248,3.354223042194986,111,111,3.170089796271485e-10,[0.57 0.8 ],0.5406758035546589,3.354223042194986,111,111,3.170089796271485e-10,[0.4  0.66],0.7018683649177947,3.354223042194986,111,111,3.170089796271485e-10,[0.57 0.79],0.19668664543720688,0.001
Schaefer400,pearson,all,original,poly2,Ventral Attention,0.5893205231922223,3.858395730679915,111,111,3.6295411281905577e-12,[0.45 0.7 ],0.7416005954652184,3.858395730679915,111,111,3.6295411281905577e-12,[0.62 0.82],0.5883414791902704,3.858395730679915,111,111,3.6295411281905577e-12,[0.45 0.7 ],0.7408249257460735,3.858395730679915,111,111,3.6295411281905577e-12,[0.62 0.82],0.16948334626878078,0.001
Schaefer400,pearson,all,original,poly2,Visual,0.6414474093564072,4.650368681788016,111,111,5.5100427196843225e-15,[0.52 0.74],0.7815631566385809,4.650368681788016,111,111,5.5100427196843225e-15,[0.68 0.85],0.6460407961614436,4.650368681788016,111,111,5.5100427196843225e-15,[0.52 0.74],0.7849632860473525,4.650368681788016,111,111,5.5100427196843225e-15,[0.69 0.85],0.17601773631244044,0.001
Schaefer400,pearson,all,inverted,poly2,Auditory,0.5314961827326962,3.3676418669986767,111,111,2.804799590283955e-10,[0.38 0.65],0.6940875057022096,3.3676418669986767,111,111,2.804799590283955e-10,[0.55 0.79],0.5420869977660635,3.3676418669986767,111,111,2.804799590283955e-10,[0.4  0.66],0.7030563107676221,3.3676418669986767,111,111,2.804799590283955e-10,[0.57 0.8 ],0.11794363362560856,0.001
Schaefer400,pearson,all,inverted,poly2,Cingulo-Opercular,0.6239305459367658,4.526052561267274,111,111,1.4644263648797065e-14,[0.49 0.73],0.7684202350869025,4.526052561267274,111,111,1.4644263648797065e-14,[0.66 0.84],0.6380779991094863,4.526052561267274,111,111,1.4644263648797065e-14,[0.51 0.74],0.779056918481741,4.526052561267274,111,111,1.4644263648797065e-14,[0.68 0.85],0.1223755806466009,0.001
Schaefer400,pearson,all,inverted,poly2,Dorsal Attention,0.6028043797872424,4.261225722966478,111,111,1.2355619300787927e-13,[0.46 0.71],0.7521870883173644,4.261225722966478,111,111,1.2355619300787927e-13,[0.63 0.83],0.6198604459661305,4.261225722966478,111,111,1.2355619300787927e-13,[0.49 0.72],0.7653257384112843,4.261225722966478,111,111,1.2355619300787927e-13,[0.66 0.84],0.133410002734645,0.001
Schaefer400,pearson,all,inverted,poly2,Default Mode,0.5878362714281941,3.834932612587762,111,111,4.442327823444615e-12,[0.45 0.7 ],0.7404242893374129,3.834932612587762,111,111,4.442327823444615e-12,[0.62 0.82],0.5863437693437559,3.834932612587762,111,111,4.442327823444615e-12,[0.45 0.7 ],0.7392392250342013,3.834932612587762,111,111,4.442327823444615e-12,[0.62 0.82],7.810175925794221,0.999
Schaefer400,pearson,all,inverted,poly2,Frontoparietal,0.5959878583754534,3.9919811658962683,111,111,1.161368957176665e-12,[0.46 0.7 ],0.746857634596426,3.9919811658962683,111,111,1.161368957176665e-12,[0.63 0.83],0.5993574627918459,3.9919811658962683,111,111,1.161368957176665e-12,[0.47 0.71],0.7494978161362436,3.9919811658962683,111,111,1.161368957176665e-12,[0.64 0.83],0.5910929753999037,0.04300000000000004
Schaefer400,pearson,all,inverted,poly2,Medial Parietal,0.514461657959505,3.2043543418543186,111,111,1.2600268707416455e-09,[0.36 0.64],0.6793987226492877,3.2043543418543186,111,111,1.2600268707416455e-09,[0.53 0.78],0.5243027020605723,3.2043543418543186,111,111,1.2600268707416455e-09,[0.38 0.65],0.687924650860768,3.2043543418543186,111,111,1.2600268707416455e-09,[0.55 0.79],0.2708126341637779,0.001
Schaefer400,pearson,all,inverted,poly2,Occipital Parietal,0.5463399317352764,3.43635340856524,111,111,1.5028726684882707e-10,[0.4  0.66],0.7066233245651012,3.43635340856524,111,111,1.5028726684882707e-10,[0.57 0.8 ],0.5491792885258843,3.43635340856524,111,111,1.5028726684882707e-10,[0.41 0.67],0.7089938428604396,3.43635340856524,111,111,1.5028726684882707e-10,[0.58 0.8 ],3.6358869968335847,0.0020000000000000018
Schaefer400,pearson,all,inverted,poly2,Dorsal Somatomotor,0.5122938376303579,3.1052495220189367,111,111,3.1777335149985644e-09,[0.36 0.64],0.6775056869015361,3.1052495220189367,111,111,3.1777335149985644e-09,[0.53 0.78],0.5128188946194889,3.1052495220189367,111,111,3.1777335149985644e-09,[0.36 0.64],0.6779646875688652,3.1052495220189367,111,111,3.1777335149985644e-09,[0.53 0.78],0.11276051671043066,0.001
Schaefer400,pearson,all,inverted,poly2,Lateral Somatomotor,0.44603690753267233,2.6218696981727243,111,111,3.293893981771215e-07,[0.29 0.58],0.616909437385981,2.6218696981727243,111,111,3.293893981771215e-07,[0.44 0.74],0.4477990191063407,2.6218696981727243,111,111,3.293893981771215e-07,[0.29 0.58],0.6185927925034047,2.6218696981727243,111,111,3.293893981771215e-07,[0.45 0.74],0.12806207935083758,0.001
Schaefer400,pearson,all,inverted,poly2,Salience,0.5180623543401545,3.136017985976504,111,111,2.3819807504217503e-09,[0.37 0.64],0.6825310605443965,3.136017985976504,111,111,2.3819807504217503e-09,[0.54 0.78],0.5164431086177191,3.136017985976504,111,111,2.3819807504217503e-09,[0.37 0.64],0.6811242778352189,3.136017985976504,111,111,2.3819807504217503e-09,[0.54 0.78],0.8140536183634867,0.609
Schaefer400,pearson,all,inverted,poly2,Ventral Attention,0.472231170994779,2.7850931991467043,111,111,6.723220418700038e-08,[0.32 0.6 ],0.6415176913768166,2.7850931991467043,111,111,6.723220418700038e-08,[0.48 0.75],0.47161142545951795,2.7850931991467043,111,111,6.723220418700038e-08,[0.31 0.6 ],0.6409455883536035,2.7850931991467043,111,111,6.723220418700038e-08,[0.48 0.75],0.3196732420011109,0.001
Schaefer400,pearson,all,inverted,poly2,Visual,0.5748853404292709,3.866612620200039,111,111,3.3820302118375875e-12,[0.43 0.69],0.7300662793299895,3.866612620200039,111,111,3.3820302118375875e-12,[0.6  0.82],0.5890365319609534,3.866612620200039,111,111,3.3820302118375875e-12,[0.45 0.7 ],0.7413756954146948,3.866612620200039,111,111,3.3820302118375875e-12,[0.62 0.82],0.12386204987416281,0.001
