A,B,sub,rho,p
mri_original,mri_inverted,sub-102816,-0.5046153846153847,0.010097580807118
mri_original,mri_inverted,sub-106521,-0.5923076923076923,0.0018114076181762059
mri_original,mri_inverted,sub-113922,-0.363076923076923,0.07444186246005678
mri_original,mri_inverted,sub-153732,-0.4476923076923077,0.02482425890186218
mri_original,mri_inverted,sub-162935,-0.4884615384615385,0.01323170210075434
mri_original,mri_inverted,sub-164636,-0.3730769230769231,0.06623255594005266
mri_original,mri_inverted,sub-172029,-0.43538461538461537,0.029606414240314072
mri_original,mri_inverted,sub-175540,-0.3223076923076923,0.11611273112778325
mri_original,mri_inverted,sub-177746,-0.41615384615384615,0.03853034835168473
mri_original,mri_inverted,sub-179245,-0.4053846153846154,0.04438775841520087
mri_original,mri_inverted,sub-181232,-0.6199999999999999,0.0009469550692005896
mri_original,mri_inverted,sub-187547,-0.5915384615384616,0.0018428212334481071
mri_original,mri_inverted,sub-189349,-0.3653846153846153,0.07248196046410411
mri_original,mri_inverted,sub-195041,-0.5415384615384615,0.00517674554086912
mri_original,mri_inverted,sub-198653,-0.4769230769230769,0.015929112849083892
mri_original,mri_inverted,sub-212318,-0.5753846153846153,0.0026189622644539542
mri_original,mri_inverted,sub-212823,-0.6207692307692307,0.0009292439659245147
mri_original,mri_inverted,sub-255639,-0.4415384615384615,0.02713064164922772
mri_original,mri_inverted,sub-257845,-0.27615384615384614,0.18147181209216096
mri_original,mri_inverted,sub-287248,-0.39692307692307693,0.04946387217123112
mri_original,mri_inverted,sub-353740,-0.42923076923076925,0.03226015868478607
mri_original,mri_inverted,sub-406836,-0.5599999999999999,0.0036013919598933035
mri_original,mri_inverted,sub-512835,-0.51,0.009201208926110364
mri_original,mri_inverted,sub-568963,-0.6146153846153846,0.001079290156864722
mri_original,mri_inverted,sub-599671,-0.21846153846153843,0.294120570294703
mri_original,mri_inverted,sub-725751,-0.20384615384615384,0.3283892638949898
mri_original,mri_inverted,sub-783462,-0.3569230769230769,0.0798657416684689
mri_original,mri_inverted,sub-825048,-0.28615384615384615,0.16552764285064253
mri_original,mri_inverted,sub-891667,-0.5084615384615384,0.009450280771159735
meg-delta_original,meg-delta_inverted,sub-102816,-0.6269230769230768,0.0007975541564573209
meg-delta_original,meg-delta_inverted,sub-106521,-0.7953846153846152,2.0173515218204257e-06
meg-delta_original,meg-delta_inverted,sub-113922,-0.8307692307692308,2.736366723847707e-07
meg-delta_original,meg-delta_inverted,sub-153732,-0.6153846153846153,0.0010594614438682035
meg-delta_original,meg-delta_inverted,sub-162935,-0.7430769230769232,2.0894462171582818e-05
meg-delta_original,meg-delta_inverted,sub-164636,-0.5207692307692308,0.007606128587039084
meg-delta_original,meg-delta_inverted,sub-172029,-0.5376923076923077,0.005569175774475881
meg-delta_original,meg-delta_inverted,sub-175540,-0.8407692307692308,1.4306549818740956e-07
meg-delta_original,meg-delta_inverted,sub-177746,-0.5753846153846153,0.0026189622644539542
meg-delta_original,meg-delta_inverted,sub-179245,-0.45,0.024001313370769786
meg-delta_original,meg-delta_inverted,sub-181232,-0.6607692307692308,0.0003238429692894346
meg-delta_original,meg-delta_inverted,sub-187547,-0.7184615384615384,5.232059053791418e-05
meg-delta_original,meg-delta_inverted,sub-189349,-0.8069230769230769,1.0998676057003325e-06
meg-delta_original,meg-delta_inverted,sub-195041,-0.8784615384615384,7.772512709929722e-09
meg-delta_original,meg-delta_inverted,sub-198653,-0.7015384615384616,9.326625767734758e-05
meg-delta_original,meg-delta_inverted,sub-212318,-0.7738461538461539,5.687025429260419e-06
meg-delta_original,meg-delta_inverted,sub-212823,-0.48692307692307696,0.013567934277178641
meg-delta_original,meg-delta_inverted,sub-255639,-0.6684615384615384,0.0002597655001197189
meg-delta_original,meg-delta_inverted,sub-257845,-0.7069230769230769,7.79313617994795e-05
meg-delta_original,meg-delta_inverted,sub-287248,-0.5807692307692308,0.002334073055055463
meg-delta_original,meg-delta_inverted,sub-353740,-0.7807692307692308,4.127172330952994e-06
meg-delta_original,meg-delta_inverted,sub-406836,-0.7676923076923077,7.493148839559231e-06
meg-delta_original,meg-delta_inverted,sub-512835,-0.9292307692307692,1.998272688323379e-11
meg-delta_original,meg-delta_inverted,sub-568963,-0.24615384615384614,0.23557603103467756
meg-delta_original,meg-delta_inverted,sub-599671,-0.7292307692307693,3.543831596851353e-05
meg-delta_original,meg-delta_inverted,sub-725751,-0.6853846153846154,0.0001563266408111766
meg-delta_original,meg-delta_inverted,sub-783462,-0.6407692307692306,0.0005587569573784464
meg-delta_original,meg-delta_inverted,sub-825048,-0.7276923076923076,3.7507823601612086e-05
meg-delta_original,meg-delta_inverted,sub-891667,-0.6592307692307691,0.000338193132566727
mri_original,meg-delta_original,sub-102816,0.1323076923076923,0.5283992800855006
mri_original,meg-delta_original,sub-106521,0.022307692307692306,0.915708552227811
mri_original,meg-delta_original,sub-113922,0.1392307692307692,0.50684516288957
mri_original,meg-delta_original,sub-153732,0.006153846153846154,0.9767097610107518
mri_original,meg-delta_original,sub-162935,-0.16076923076923075,0.44266155514604155
mri_original,meg-delta_original,sub-164636,-0.10076923076923076,0.6317435746332144
mri_original,meg-delta_original,sub-172029,-0.15461538461538463,0.4605426867968305
mri_original,meg-delta_original,sub-175540,0.4115384615384615,0.04096068244289257
mri_original,meg-delta_original,sub-177746,-0.04769230769230769,0.8209045857929845
mri_original,meg-delta_original,sub-179245,-0.30230769230769233,0.14189407251612246
mri_original,meg-delta_original,sub-181232,0.2169230769230769,0.2976182551465212
mri_original,meg-delta_original,sub-187547,0.019999999999999997,0.9244025542285002
mri_original,meg-delta_original,sub-189349,0.04461538461538461,0.8322932787592981
mri_original,meg-delta_original,sub-195041,0.3561538461538461,0.08056424160875286
mri_original,meg-delta_original,sub-198653,0.536923076923077,0.005650590127684589
mri_original,meg-delta_original,sub-212318,0.2815384615384615,0.1727595261671579
mri_original,meg-delta_original,sub-212823,0.25769230769230766,0.21363539140584958
mri_original,meg-delta_original,sub-255639,0.05538461538461539,0.7925912249870333
mri_original,meg-delta_original,sub-257845,-0.23307692307692307,0.2621810889919956
mri_original,meg-delta_original,sub-287248,-0.06076923076923077,0.7729204101600845
mri_original,meg-delta_original,sub-353740,0.7015384615384616,9.326625767734758e-05
mri_original,meg-delta_original,sub-406836,0.4130769230769231,0.04013747815937923
mri_original,meg-delta_original,sub-512835,0.5446153846153846,0.004879812185468513
mri_original,meg-delta_original,sub-568963,0.33076923076923076,0.10630845408160397
mri_original,meg-delta_original,sub-599671,0.3638461538461538,0.07378412709009198
mri_original,meg-delta_original,sub-725751,-0.10615384615384615,0.6135400689983799
mri_original,meg-delta_original,sub-783462,0.11923076923076922,0.5702629145851892
mri_original,meg-delta_original,sub-825048,-0.31999999999999995,0.11889805291882277
mri_original,meg-delta_original,sub-891667,0.2792307692307692,0.17645690072440764
mri_inverted,meg-delta_inverted,sub-102816,0.20461538461538462,0.3265277832159157
mri_inverted,meg-delta_inverted,sub-106521,0.17153846153846153,0.4122815839225631
mri_inverted,meg-delta_inverted,sub-113922,0.3776923076923077,0.06268687606793104
mri_inverted,meg-delta_inverted,sub-153732,0.3738461538461539,0.06563115158714224
mri_inverted,meg-delta_inverted,sub-162935,0.11307692307692309,0.5904595228666748
mri_inverted,meg-delta_inverted,sub-164636,0.33153846153846156,0.1054485223918959
mri_inverted,meg-delta_inverted,sub-172029,0.63,0.0007379916732732262
mri_inverted,meg-delta_inverted,sub-175540,0.81,9.292598628661131e-07
mri_inverted,meg-delta_inverted,sub-177746,0.35,0.08631994521775348
mri_inverted,meg-delta_inverted,sub-179245,0.016923076923076923,0.9360075092301826
mri_inverted,meg-delta_inverted,sub-181232,-0.05384615384615384,0.7982347221477955
mri_inverted,meg-delta_inverted,sub-187547,0.36153846153846153,0.07577072639956048
mri_inverted,meg-delta_inverted,sub-189349,-0.03230769230769231,0.8781554683498889
mri_inverted,meg-delta_inverted,sub-195041,0.16846153846153847,0.4208415376807141
mri_inverted,meg-delta_inverted,sub-198653,0.7784615384615384,4.598407284003503e-06
mri_inverted,meg-delta_inverted,sub-212318,0.43999999999999995,0.02773337204061013
mri_inverted,meg-delta_inverted,sub-212823,0.14307692307692307,0.4950600560452396
mri_inverted,meg-delta_inverted,sub-255639,0.6323076923076923,0.0006958827969825711
mri_inverted,meg-delta_inverted,sub-257845,0.18615384615384614,0.3729608729013305
mri_inverted,meg-delta_inverted,sub-287248,-0.29923076923076924,0.14619758715586154
mri_inverted,meg-delta_inverted,sub-353740,0.7976923076923076,1.7924006616035844e-06
mri_inverted,meg-delta_inverted,sub-406836,0.3384615384615385,0.0979393279366574
mri_inverted,meg-delta_inverted,sub-512835,0.5453846153846154,0.004807865215026952
mri_inverted,meg-delta_inverted,sub-568963,0.6923076923076923,0.00012578593977249946
mri_inverted,meg-delta_inverted,sub-599671,0.5184615384615384,0.007926880008502576
mri_inverted,meg-delta_inverted,sub-725751,0.3923076923076923,0.05241792334601506
mri_inverted,meg-delta_inverted,sub-783462,0.47846153846153844,0.015545373390900938
mri_inverted,meg-delta_inverted,sub-825048,0.30923076923076925,0.13254450890376443
mri_inverted,meg-delta_inverted,sub-891667,0.5653846153846154,0.0032270215142025612
mri_original,meg-delta_inverted,sub-102816,0.07153846153846154,0.7339954015507332
mri_original,meg-delta_inverted,sub-106521,0.09,0.6687736167185602
mri_original,meg-delta_inverted,sub-113922,-0.15076923076923077,0.4719066833093053
mri_original,meg-delta_inverted,sub-153732,0.05384615384615384,0.7982347221477955
mri_original,meg-delta_inverted,sub-162935,0.28076923076923077,0.17398592766784643
mri_original,meg-delta_inverted,sub-164636,0.12153846153846154,0.5627693094732826
mri_original,meg-delta_inverted,sub-172029,-0.09461538461538462,0.6528051126847747
mri_original,meg-delta_inverted,sub-175540,-0.46076923076923076,0.02044744795526081
mri_original,meg-delta_inverted,sub-177746,0.2530769230769231,0.2222401375819646
mri_original,meg-delta_inverted,sub-179245,0.16307692307692304,0.43605302334597895
mri_original,meg-delta_inverted,sub-181232,0.16999999999999998,0.4165494576141051
mri_original,meg-delta_inverted,sub-187547,-0.2069230769230769,0.32098182056645524
mri_original,meg-delta_inverted,sub-189349,0.06769230769230769,0.7478295709921495
mri_original,meg-delta_inverted,sub-195041,-0.27384615384615385,0.18529715169369645
mri_original,meg-delta_inverted,sub-198653,-0.5069230769230769,0.009704932351348812
mri_original,meg-delta_inverted,sub-212318,-0.23307692307692307,0.2621810889919956
mri_original,meg-delta_inverted,sub-212823,0.023076923076923078,0.912812592529089
mri_original,meg-delta_inverted,sub-255639,-0.21307692307692308,0.3064753923200176
mri_original,meg-delta_inverted,sub-257845,-0.04923076923076923,0.815223274483154
mri_original,meg-delta_inverted,sub-287248,0.5223076923076923,0.00739837730776276
mri_original,meg-delta_inverted,sub-353740,-0.5692307692307692,0.00298031586861517
mri_original,meg-delta_inverted,sub-406836,-0.26692307692307693,0.1971058089027914
mri_original,meg-delta_inverted,sub-512835,-0.5853846153846154,0.0021113531540244168
mri_original,meg-delta_inverted,sub-568963,-0.4592307692307693,0.020927198697327763
mri_original,meg-delta_inverted,sub-599671,-0.43461538461538457,0.02992822172047774
mri_original,meg-delta_inverted,sub-725751,-0.06692307692307692,0.7506056746243597
mri_original,meg-delta_inverted,sub-783462,-0.1523076923076923,0.46734387324425375
mri_original,meg-delta_inverted,sub-825048,0.16846153846153847,0.4208415376807141
mri_original,meg-delta_inverted,sub-891667,-0.36,0.0771175664335245
mri_inverted,meg-delta_original,sub-102816,-0.023846153846153843,0.9099177127623183
mri_inverted,meg-delta_original,sub-106521,-0.12,0.5677601210384973
mri_inverted,meg-delta_original,sub-113922,-0.2323076923076923,0.26380400497771206
mri_inverted,meg-delta_original,sub-153732,-0.03846153846153846,0.8551673034402157
mri_inverted,meg-delta_original,sub-162935,-0.013076923076923076,0.9505312934668323
mri_inverted,meg-delta_original,sub-164636,0.13384615384615384,0.5235721336415065
mri_inverted,meg-delta_original,sub-172029,-0.24,0.24786475636345956
mri_inverted,meg-delta_original,sub-175540,-0.6376923076923077,0.0006056281450803111
mri_inverted,meg-delta_original,sub-177746,-0.21384615384615382,0.30469106597880624
mri_inverted,meg-delta_original,sub-179245,0.1476923076923077,0.4811005696665245
mri_inverted,meg-delta_original,sub-181232,-0.06230769230769231,0.7673245235239029
mri_inverted,meg-delta_original,sub-187547,-0.06461538461538462,0.7589519561117964
mri_inverted,meg-delta_original,sub-189349,0.1392307692307692,0.50684516288957
mri_inverted,meg-delta_original,sub-195041,-0.19307692307692306,0.3551204559765637
mri_inverted,meg-delta_original,sub-198653,-0.5707692307692307,0.0028862249955300826
mri_inverted,meg-delta_original,sub-212318,-0.2915384615384616,0.15736225008219257
mri_inverted,meg-delta_original,sub-212823,-0.022307692307692306,0.915708552227811
mri_inverted,meg-delta_original,sub-255639,-0.21538461538461537,0.30114175791935804
mri_inverted,meg-delta_original,sub-257845,0.11846153846153845,0.5727706028933913
mri_inverted,meg-delta_original,sub-287248,0.4330769230769231,0.030580246309330112
mri_inverted,meg-delta_original,sub-353740,-0.5499999999999999,0.004394702977282546
mri_inverted,meg-delta_original,sub-406836,-0.05846153846153846,0.7813348550958149
mri_inverted,meg-delta_original,sub-512835,-0.45999999999999996,0.020686192908586393
mri_inverted,meg-delta_original,sub-568963,-0.19538461538461538,0.34928733392328004
mri_inverted,meg-delta_original,sub-599671,-0.5084615384615384,0.009450280771159735
mri_inverted,meg-delta_original,sub-725751,-0.020769230769230772,0.921503568780896
mri_inverted,meg-delta_original,sub-783462,-0.16076923076923075,0.44266155514604155
mri_inverted,meg-delta_original,sub-825048,0.02846153846153846,0.8925731044757399
mri_inverted,meg-delta_original,sub-891667,-0.2076923076923077,0.31914600560232353
meg-theta_original,meg-theta_inverted,sub-102816,-0.42153846153846153,0.03584093437956855
meg-theta_original,meg-theta_inverted,sub-106521,-0.6292307692307691,0.000752509291601508
meg-theta_original,meg-theta_inverted,sub-113922,-0.47307692307692306,0.016922533876749954
meg-theta_original,meg-theta_inverted,sub-153732,-0.5938461538461539,0.0017499536930720167
meg-theta_original,meg-theta_inverted,sub-162935,-0.4684615384615385,0.018180965586760994
meg-theta_original,meg-theta_inverted,sub-164636,-0.6692307692307693,0.0002540133332153958
meg-theta_original,meg-theta_inverted,sub-172029,-0.6623076923076924,0.0003100263861625134
meg-theta_original,meg-theta_inverted,sub-175540,-0.6553846153846155,0.0003765173630692511
meg-theta_original,meg-theta_inverted,sub-177746,-0.7392307692307692,2.4276012747265496e-05
meg-theta_original,meg-theta_inverted,sub-179245,-0.5069230769230769,0.009704932351348812
meg-theta_original,meg-theta_inverted,sub-181232,-0.81,9.292598628661131e-07
meg-theta_original,meg-theta_inverted,sub-187547,-0.74,2.3563369297304354e-05
meg-theta_original,meg-theta_inverted,sub-189349,-0.7007692307692307,9.56604413042009e-05
meg-theta_original,meg-theta_inverted,sub-195041,-0.8261538461538462,3.64009155957771e-07
meg-theta_original,meg-theta_inverted,sub-198653,-0.7276923076923076,3.7507823601612086e-05
meg-theta_original,meg-theta_inverted,sub-212318,-0.7492307692307693,1.6346353224807858e-05
meg-theta_original,meg-theta_inverted,sub-212823,-0.46384615384615385,0.01951476779247494
meg-theta_original,meg-theta_inverted,sub-255639,-0.4176923076923077,0.03774613883179592
meg-theta_original,meg-theta_inverted,sub-257845,-0.6153846153846153,0.0010594614438682035
meg-theta_original,meg-theta_inverted,sub-287248,-0.43615384615384617,0.029287387372710263
meg-theta_original,meg-theta_inverted,sub-353740,-0.6092307692307692,0.0012272604760963429
meg-theta_original,meg-theta_inverted,sub-406836,-0.6630769230769231,0.00030331290957102215
meg-theta_original,meg-theta_inverted,sub-512835,-0.8430769230769231,1.2240946853969842e-07
meg-theta_original,meg-theta_inverted,sub-568963,-0.74,2.3563369297304354e-05
meg-theta_original,meg-theta_inverted,sub-599671,-0.7284615384615384,3.646009878833881e-05
meg-theta_original,meg-theta_inverted,sub-725751,-0.66,0.00033095028439849206
meg-theta_original,meg-theta_inverted,sub-783462,-0.5276923076923077,0.006708216074188613
meg-theta_original,meg-theta_inverted,sub-825048,-0.6423076923076922,0.0005365252209934896
meg-theta_original,meg-theta_inverted,sub-891667,-0.7430769230769232,2.0894462171582818e-05
mri_original,meg-theta_original,sub-102816,0.39384615384615385,0.05141834691357266
mri_original,meg-theta_original,sub-106521,0.014615384615384615,0.9447196857477185
mri_original,meg-theta_original,sub-113922,0.11461538461538462,0.5853816553920668
mri_original,meg-theta_original,sub-153732,0.33,0.1071735605208438
mri_original,meg-theta_original,sub-162935,-0.04923076923076923,0.815223274483154
mri_original,meg-theta_original,sub-164636,0.18846153846153846,0.3669574194662061
mri_original,meg-theta_original,sub-172029,-0.10769230769230768,0.6083790310806795
mri_original,meg-theta_original,sub-175540,0.023076923076923078,0.912812592529089
mri_original,meg-theta_original,sub-177746,-0.24461538461538462,0.23860976723289992
mri_original,meg-theta_original,sub-179245,0.0876923076923077,0.67681114475276
mri_original,meg-theta_original,sub-181232,-0.26615384615384613,0.19844887309568146
mri_original,meg-theta_original,sub-187547,0.4115384615384615,0.04096068244289257
mri_original,meg-theta_original,sub-189349,0.061538461538461535,0.7701210708628821
mri_original,meg-theta_original,sub-195041,0.43538461538461537,0.029606414240314072
mri_original,meg-theta_original,sub-198653,0.4992307692307692,0.011065261834899007
mri_original,meg-theta_original,sub-212318,0.41000000000000003,0.0417971695800554
mri_original,meg-theta_original,sub-212823,-0.009999999999999998,0.9621615894640947
mri_original,meg-theta_original,sub-255639,0.03230769230769231,0.8781554683498889
mri_original,meg-theta_original,sub-257845,-0.15999999999999998,0.44487621013103373
mri_original,meg-theta_original,sub-287248,0.13692307692307693,0.5139816221819469
mri_original,meg-theta_original,sub-353740,0.002307692307692308,0.9912651655388018
mri_original,meg-theta_original,sub-406836,0.6215384615384615,0.0009118194703398151
mri_original,meg-theta_original,sub-512835,0.5092307692307693,0.009325053309110123
mri_original,meg-theta_original,sub-568963,0.1815384615384615,0.38513664752146737
mri_original,meg-theta_original,sub-599671,0.3853846153846154,0.05710480980721743
mri_original,meg-theta_original,sub-725751,0.42846153846153845,0.03260482391107621
mri_original,meg-theta_original,sub-783462,0.20846153846153848,0.31731661623634716
mri_original,meg-theta_original,sub-825048,-0.17846153846153845,0.3933781555180631
mri_original,meg-theta_original,sub-891667,0.3546153846153846,0.08197511194517204
mri_inverted,meg-theta_inverted,sub-102816,0.6376923076923077,0.0006056281450803111
mri_inverted,meg-theta_inverted,sub-106521,0.13153846153846155,0.5308207561584127
mri_inverted,meg-theta_inverted,sub-113922,0.17307692307692307,0.4080380104040632
mri_inverted,meg-theta_inverted,sub-153732,0.57,0.002932949611307605
mri_inverted,meg-theta_inverted,sub-162935,0.3653846153846153,0.07248196046410411
mri_inverted,meg-theta_inverted,sub-164636,0.5830769230769232,0.0022203297518509847
mri_inverted,meg-theta_inverted,sub-172029,0.6553846153846155,0.0003765173630692511
mri_inverted,meg-theta_inverted,sub-175540,0.5669230769230769,0.0031263355642155927
mri_inverted,meg-theta_inverted,sub-177746,0.2569230769230769,0.21505370359693765
mri_inverted,meg-theta_inverted,sub-179245,0.36076923076923073,0.07644189053034321
mri_inverted,meg-theta_inverted,sub-181232,-0.14384615384615382,0.49271954928907735
mri_inverted,meg-theta_inverted,sub-187547,0.6369230769230769,0.000617864916683015
mri_inverted,meg-theta_inverted,sub-189349,0.3038461538461538,0.1397766922185588
mri_inverted,meg-theta_inverted,sub-195041,0.42846153846153845,0.03260482391107621
mri_inverted,meg-theta_inverted,sub-198653,0.8330769230769232,2.3649189783420645e-07
mri_inverted,meg-theta_inverted,sub-212318,0.6223076923076922,0.0008946777270382536
mri_inverted,meg-theta_inverted,sub-212823,0.22230769230769232,0.2854893707641191
mri_inverted,meg-theta_inverted,sub-255639,0.6199999999999999,0.0009469550692005896
mri_inverted,meg-theta_inverted,sub-257845,0.24769230769230768,0.23256786876481428
mri_inverted,meg-theta_inverted,sub-287248,0.24,0.24786475636345956
mri_inverted,meg-theta_inverted,sub-353740,0.2915384615384616,0.15736225008219257
mri_inverted,meg-theta_inverted,sub-406836,0.6538461538461537,0.00039287395633571664
mri_inverted,meg-theta_inverted,sub-512835,0.6746153846153846,0.00021676993775872217
mri_inverted,meg-theta_inverted,sub-568963,0.7715384615384615,6.31291512840356e-06
mri_inverted,meg-theta_inverted,sub-599671,0.6484615384615384,0.00045509158358509233
mri_inverted,meg-theta_inverted,sub-725751,0.7061538461538461,7.997618571564303e-05
mri_inverted,meg-theta_inverted,sub-783462,0.5107692307692308,0.009078735844871143
mri_inverted,meg-theta_inverted,sub-825048,0.5030769230769231,0.01036660151118429
mri_inverted,meg-theta_inverted,sub-891667,0.5415384615384615,0.00517674554086912
mri_original,meg-theta_inverted,sub-102816,-0.2407692307692308,0.24630621673375477
mri_original,meg-theta_inverted,sub-106521,0.09615384615384616,0.6475146685503539
mri_original,meg-theta_inverted,sub-113922,0.13,0.5356794124214603
mri_original,meg-theta_inverted,sub-153732,-0.16846153846153847,0.4208415376807141
mri_original,meg-theta_inverted,sub-162935,0.02846153846153846,0.8925731044757399
mri_original,meg-theta_inverted,sub-164636,-0.25153846153846154,0.22515909919668434
mri_original,meg-theta_inverted,sub-172029,-0.10461538461538461,0.6187190398978742
mri_original,meg-theta_inverted,sub-175540,-0.02692307692307692,0.8983497047434486
mri_original,meg-theta_inverted,sub-177746,0.03,0.886801817790994
mri_original,meg-theta_inverted,sub-179245,-0.30769230769230765,0.1345826496160396
mri_original,meg-theta_inverted,sub-181232,0.2230769230769231,0.2837825101996973
mri_original,meg-theta_inverted,sub-187547,-0.47846153846153844,0.015545373390900938
mri_original,meg-theta_inverted,sub-189349,-0.014615384615384615,0.9447196857477185
mri_original,meg-theta_inverted,sub-195041,-0.42538461538461536,0.03401300109671608
mri_original,meg-theta_inverted,sub-198653,-0.4576923076923077,0.021416054925832997
mri_original,meg-theta_inverted,sub-212318,-0.3976923076923076,0.04898445560620918
mri_original,meg-theta_inverted,sub-212823,0.05846153846153846,0.7813348550958149
mri_original,meg-theta_inverted,sub-255639,-0.08230769230769232,0.6956981775319502
mri_original,meg-theta_inverted,sub-257845,-0.12230769230769231,0.5602813366901465
mri_original,meg-theta_inverted,sub-287248,0.07384615384615385,0.7257331056231732
mri_original,meg-theta_inverted,sub-353740,-0.14076923076923076,0.5021146784013018
mri_original,meg-theta_inverted,sub-406836,-0.42615384615384616,0.0336564947820886
mri_original,meg-theta_inverted,sub-512835,-0.563076923076923,0.0033832062926120415
mri_original,meg-theta_inverted,sub-568963,-0.4723076923076923,0.017127174630535404
mri_original,meg-theta_inverted,sub-599671,-0.5800000000000001,0.0023730756505841136
mri_original,meg-theta_inverted,sub-725751,-0.27999999999999997,0.1752183824122522
mri_original,meg-theta_inverted,sub-783462,-0.363076923076923,0.07444186246005678
mri_original,meg-theta_inverted,sub-825048,0.06692307692307692,0.7506056746243597
mri_original,meg-theta_inverted,sub-891667,-0.28538461538461535,0.16671794803141707
mri_inverted,meg-theta_original,sub-102816,-0.22153846153846157,0.28720269174260227
mri_inverted,meg-theta_original,sub-106521,0.015384615384615384,0.941814892951957
mri_inverted,meg-theta_original,sub-113922,0.008461538461538461,0.9679797010687115
mri_inverted,meg-theta_original,sub-153732,-0.27384615384615385,0.18529715169369645
mri_inverted,meg-theta_original,sub-162935,-0.15923076923076923,0.4470967473255907
mri_inverted,meg-theta_original,sub-164636,-0.44538461538461543,0.025669839943148847
mri_inverted,meg-theta_original,sub-172029,-0.4584615384615385,0.021170480845165648
mri_inverted,meg-theta_original,sub-175540,-0.42923076923076925,0.03226015868478607
mri_inverted,meg-theta_original,sub-177746,0.052307692307692305,0.8038880741031628
mri_inverted,meg-theta_original,sub-179245,-0.09461538461538462,0.6528051126847747
mri_inverted,meg-theta_original,sub-181232,0.24769230769230768,0.23256786876481428
mri_inverted,meg-theta_original,sub-187547,-0.33384615384615385,0.10289961467836549
mri_inverted,meg-theta_original,sub-189349,0.016923076923076923,0.9360075092301826
mri_inverted,meg-theta_original,sub-195041,-0.3653846153846153,0.07248196046410411
mri_inverted,meg-theta_original,sub-198653,-0.57,0.002932949611307605
mri_inverted,meg-theta_original,sub-212318,-0.5023076923076923,0.010503325012917598
mri_inverted,meg-theta_original,sub-212823,0.039999999999999994,0.8494374038786923
mri_inverted,meg-theta_original,sub-255639,-0.22384615384615386,0.28208211024105667
mri_inverted,meg-theta_original,sub-257845,0.11461538461538462,0.5853816553920668
mri_inverted,meg-theta_original,sub-287248,0.20615384615384616,0.3228240576300504
mri_inverted,meg-theta_original,sub-353740,0.1776923076923077,0.39545398689886
mri_inverted,meg-theta_original,sub-406836,-0.3769230769230769,0.06326742530511408
mri_inverted,meg-theta_original,sub-512835,-0.4576923076923077,0.021416054925832997
mri_inverted,meg-theta_original,sub-568963,-0.4015384615384615,0.04664167971380561
mri_inverted,meg-theta_original,sub-599671,-0.5707692307692307,0.0028862249955300826
mri_inverted,meg-theta_original,sub-725751,-0.4061538461538462,0.04394743829227769
mri_inverted,meg-theta_original,sub-783462,-0.08538461538461539,0.6848831681823175
mri_inverted,meg-theta_original,sub-825048,-0.18230769230769234,0.3830917730325135
mri_inverted,meg-theta_original,sub-891667,-0.27076923076923076,0.19048363370639726
meg-alpha_original,meg-alpha_inverted,sub-102816,-0.6499999999999999,0.0004364976132761443
meg-alpha_original,meg-alpha_inverted,sub-106521,-0.42153846153846153,0.03584093437956855
meg-alpha_original,meg-alpha_inverted,sub-113922,-0.6753846153846154,0.00021185997176665337
meg-alpha_original,meg-alpha_inverted,sub-153732,-0.793076923076923,2.2671857391655608e-06
meg-alpha_original,meg-alpha_inverted,sub-162935,-0.8661538461538462,2.2131356593292888e-08
meg-alpha_original,meg-alpha_inverted,sub-164636,-0.7053846153846153,8.206806844597019e-05
meg-alpha_original,meg-alpha_inverted,sub-172029,-0.7084615384615385,7.397926422789484e-05
meg-alpha_original,meg-alpha_inverted,sub-175540,-0.8776923076923077,8.324712082659743e-09
meg-alpha_original,meg-alpha_inverted,sub-177746,-0.6884615384615385,0.00014203286857710537
meg-alpha_original,meg-alpha_inverted,sub-179245,-0.4576923076923077,0.021416054925832997
meg-alpha_original,meg-alpha_inverted,sub-181232,-0.8592307692307692,3.8145976266422675e-08
meg-alpha_original,meg-alpha_inverted,sub-187547,-0.9253846153846155,3.602809817014594e-11
meg-alpha_original,meg-alpha_inverted,sub-189349,-0.5969230769230769,0.0016323865683266169
meg-alpha_original,meg-alpha_inverted,sub-195041,-0.8207692307692308,5.026212792756227e-07
meg-alpha_original,meg-alpha_inverted,sub-198653,-0.7923076923076923,2.3563996665439814e-06
meg-alpha_original,meg-alpha_inverted,sub-212318,-0.6807692307692308,0.00018012993001756083
meg-alpha_original,meg-alpha_inverted,sub-212823,-0.8623076923076922,3.0056264830632026e-08
meg-alpha_original,meg-alpha_inverted,sub-255639,-0.7853846153846153,3.3117206719816817e-06
meg-alpha_original,meg-alpha_inverted,sub-257845,-0.8992307692307692,1.0008637664511105e-09
meg-alpha_original,meg-alpha_inverted,sub-287248,-0.4646153846153846,0.019287095935427063
meg-alpha_original,meg-alpha_inverted,sub-353740,-0.913076923076923,1.960749903419254e-10
meg-alpha_original,meg-alpha_inverted,sub-406836,-0.7569230769230769,1.1908333597555597e-05
meg-alpha_original,meg-alpha_inverted,sub-512835,-0.8015384615384615,1.4668761990802731e-06
meg-alpha_original,meg-alpha_inverted,sub-568963,-0.5930769230769232,0.0017804536071811608
meg-alpha_original,meg-alpha_inverted,sub-599671,-0.7053846153846153,8.206806844597019e-05
meg-alpha_original,meg-alpha_inverted,sub-725751,-0.7538461538461538,1.353535484947291e-05
meg-alpha_original,meg-alpha_inverted,sub-783462,-0.5838461538461539,0.002183482753763815
meg-alpha_original,meg-alpha_inverted,sub-825048,-0.7307692307692306,3.347036201046327e-05
meg-alpha_original,meg-alpha_inverted,sub-891667,-0.7107692307692308,6.838177233326357e-05
mri_original,meg-alpha_original,sub-102816,0.5438461538461539,0.004952664674829253
mri_original,meg-alpha_original,sub-106521,0.24923076923076923,0.2295852432198183
mri_original,meg-alpha_original,sub-113922,0.15307692307692308,0.4650710581407873
mri_original,meg-alpha_original,sub-153732,0.18769230769230769,0.36895229419053976
mri_original,meg-alpha_original,sub-162935,-0.07384615384615385,0.7257331056231732
mri_original,meg-alpha_original,sub-164636,0.20461538461538462,0.3265277832159157
mri_original,meg-alpha_original,sub-172029,0.11307692307692309,0.5904595228666748
mri_original,meg-alpha_original,sub-175540,-0.44846153846153847,0.024547450333057354
mri_original,meg-alpha_original,sub-177746,-0.05538461538461539,0.7925912249870333
mri_original,meg-alpha_original,sub-179245,0.12538461538461537,0.5503795193738266
mri_original,meg-alpha_original,sub-181232,-0.08846153846153845,0.6741280977330553
mri_original,meg-alpha_original,sub-187547,0.09692307692307693,0.6448756436801819
mri_original,meg-alpha_original,sub-189349,0.043076923076923075,0.8380001161641176
mri_original,meg-alpha_original,sub-195041,0.24846153846153846,0.23107336631742548
mri_original,meg-alpha_original,sub-198653,0.036923076923076927,0.8609043379608134
mri_original,meg-alpha_original,sub-212318,0.5223076923076923,0.00739837730776276
mri_original,meg-alpha_original,sub-212823,-0.08846153846153845,0.6741280977330553
mri_original,meg-alpha_original,sub-255639,0.33,0.1071735605208438
mri_original,meg-alpha_original,sub-257845,-0.03307692307692307,0.875276314151181
mri_original,meg-alpha_original,sub-287248,-0.07846153846153846,0.7092983704196518
mri_original,meg-alpha_original,sub-353740,-0.1423076923076923,0.4974060918481682
mri_original,meg-alpha_original,sub-406836,0.4884615384615385,0.01323170210075434
mri_original,meg-alpha_original,sub-512835,0.19999999999999998,0.3377926739978242
mri_original,meg-alpha_original,sub-568963,0.29000000000000004,0.15966555837853297
mri_original,meg-alpha_original,sub-599671,0.3876923076923077,0.05550775224256221
mri_original,meg-alpha_original,sub-725751,0.40461538461538454,0.04483154257566177
mri_original,meg-alpha_original,sub-783462,0.4669230769230769,0.018617032333312536
mri_original,meg-alpha_original,sub-825048,-0.20230769230769227,0.3321314401444694
mri_original,meg-alpha_original,sub-891667,0.5776923076923076,0.0024934364343734542
mri_inverted,meg-alpha_inverted,sub-102816,0.6923076923076923,0.00012578593977249946
mri_inverted,meg-alpha_inverted,sub-106521,0.5961538461538461,0.0016611241919869063
mri_inverted,meg-alpha_inverted,sub-113922,0.5984615384615385,0.0015761879756822103
mri_inverted,meg-alpha_inverted,sub-153732,0.3238461538461538,0.11428261315645856
mri_inverted,meg-alpha_inverted,sub-162935,0.2676923076923077,0.1957689655765983
mri_inverted,meg-alpha_inverted,sub-164636,0.5846153846153846,0.002147159241684255
mri_inverted,meg-alpha_inverted,sub-172029,0.7699999999999999,6.7635213040788544e-06
mri_inverted,meg-alpha_inverted,sub-175540,-0.02923076923076923,0.8896867792662461
mri_inverted,meg-alpha_inverted,sub-177746,0.4946153846153846,0.011954677391415963
mri_inverted,meg-alpha_inverted,sub-179245,0.43615384615384617,0.029287387372710263
mri_inverted,meg-alpha_inverted,sub-181232,0.3161538461538462,0.12364832141188487
mri_inverted,meg-alpha_inverted,sub-187547,0.22153846153846157,0.28720269174260227
mri_inverted,meg-alpha_inverted,sub-189349,0.48538461538461536,0.013911171596886906
mri_inverted,meg-alpha_inverted,sub-195041,0.16384615384615386,0.4338620362289227
mri_inverted,meg-alpha_inverted,sub-198653,0.33076923076923076,0.10630845408160397
mri_inverted,meg-alpha_inverted,sub-212318,0.5807692307692308,0.002334073055055463
mri_inverted,meg-alpha_inverted,sub-212823,0.07615384615384616,0.717500486460383
mri_inverted,meg-alpha_inverted,sub-255639,0.8115384615384615,8.531851013420067e-07
mri_inverted,meg-alpha_inverted,sub-257845,0.5846153846153846,0.002147159241684255
mri_inverted,meg-alpha_inverted,sub-287248,0.09076923076923075,0.6661022395647747
mri_inverted,meg-alpha_inverted,sub-353740,-0.11461538461538462,0.5853816553920668
mri_inverted,meg-alpha_inverted,sub-406836,0.5453846153846154,0.004807865215026952
mri_inverted,meg-alpha_inverted,sub-512835,0.4123076923076923,0.04054742886120219
mri_inverted,meg-alpha_inverted,sub-568963,0.7692307692307693,6.9993767826127116e-06
mri_inverted,meg-alpha_inverted,sub-599671,0.5592307692307692,0.003657764206767084
mri_inverted,meg-alpha_inverted,sub-725751,0.6892307692307692,0.00013864377397777142
mri_inverted,meg-alpha_inverted,sub-783462,0.7723076923076923,6.097794652172734e-06
mri_inverted,meg-alpha_inverted,sub-825048,0.48307692307692307,0.014439400973032788
mri_inverted,meg-alpha_inverted,sub-891667,0.816923076923077,6.288362327910512e-07
mri_original,meg-alpha_inverted,sub-102816,-0.2376923076923077,0.25257893718598984
mri_original,meg-alpha_inverted,sub-106521,-0.45,0.024001313370769786
mri_original,meg-alpha_inverted,sub-113922,-0.2776923076923077,0.1789521687726474
mri_original,meg-alpha_inverted,sub-153732,-0.08076923076923077,0.7011275748533198
mri_original,meg-alpha_inverted,sub-162935,0.05384615384615384,0.7982347221477955
mri_original,meg-alpha_inverted,sub-164636,-0.03923076923076923,0.8523014444616794
mri_original,meg-alpha_inverted,sub-172029,-0.15000000000000002,0.4741966461552527
mri_original,meg-alpha_inverted,sub-175540,0.31076923076923074,0.13052875928344368
mri_original,meg-alpha_inverted,sub-177746,-0.006923076923076924,0.9737994035133074
mri_original,meg-alpha_inverted,sub-179245,-0.24384615384615385,0.24013623654456348
mri_original,meg-alpha_inverted,sub-181232,0.09076923076923075,0.6661022395647747
mri_original,meg-alpha_inverted,sub-187547,-0.18692307692307694,0.37095344799135543
mri_original,meg-alpha_inverted,sub-189349,-0.04230769230769231,0.8408565379913094
mri_original,meg-alpha_inverted,sub-195041,-0.2815384615384615,0.1727595261671579
mri_original,meg-alpha_inverted,sub-198653,-0.1946153846153846,0.35122536711204
mri_original,meg-alpha_inverted,sub-212318,-0.3561538461538461,0.08056424160875286
mri_original,meg-alpha_inverted,sub-212823,0.07538461538461538,0.720241344236858
mri_original,meg-alpha_inverted,sub-255639,-0.4469230769230769,0.025103582497618553
mri_original,meg-alpha_inverted,sub-257845,0.0723076923076923,0.7312380568633035
mri_original,meg-alpha_inverted,sub-287248,0.2907692307692308,0.15851094976487984
mri_original,meg-alpha_inverted,sub-353740,0.1992307692307692,0.3396925245488783
mri_original,meg-alpha_inverted,sub-406836,-0.39615384615384613,0.04994695145286887
mri_original,meg-alpha_inverted,sub-512835,-0.22153846153846157,0.28720269174260227
mri_original,meg-alpha_inverted,sub-568963,-0.3738461538461539,0.06563115158714224
mri_original,meg-alpha_inverted,sub-599671,-0.5946153846153845,0.001719902417473404
mri_original,meg-alpha_inverted,sub-725751,-0.30538461538461537,0.13768208799681803
mri_original,meg-alpha_inverted,sub-783462,-0.35307692307692307,0.08340459298589081
mri_original,meg-alpha_inverted,sub-825048,0.19384615384615386,0.35316974326493866
mri_original,meg-alpha_inverted,sub-891667,-0.5015384615384615,0.010641540371194008
mri_inverted,meg-alpha_original,sub-102816,-0.4907692307692308,0.012740252304610943
mri_inverted,meg-alpha_original,sub-106521,-0.5038461538461538,0.010231357533068978
mri_inverted,meg-alpha_original,sub-113922,-0.21307692307692308,0.3064753923200176
mri_inverted,meg-alpha_original,sub-153732,-0.21999999999999997,0.2906487133659938
mri_inverted,meg-alpha_original,sub-162935,-0.041538461538461545,0.8437149161571618
mri_inverted,meg-alpha_original,sub-164636,-0.4753846153846154,0.016320582719677446
mri_inverted,meg-alpha_original,sub-172029,-0.4084615384615385,0.04264708244513199
mri_inverted,meg-alpha_original,sub-175540,0.15384615384615383,0.46280399078181256
mri_inverted,meg-alpha_original,sub-177746,-0.31076923076923074,0.13052875928344368
mri_inverted,meg-alpha_original,sub-179245,-0.2592307692307692,0.21081769004196943
mri_inverted,meg-alpha_original,sub-181232,-0.15846153846153843,0.4493231524799268
mri_inverted,meg-alpha_original,sub-187547,-0.13153846153846155,0.5308207561584127
mri_inverted,meg-alpha_original,sub-189349,-0.22538461538461538,0.27870069210212717
mri_inverted,meg-alpha_original,sub-195041,-0.05461538461538461,0.795411725102699
mri_inverted,meg-alpha_original,sub-198653,-0.04923076923076923,0.815223274483154
mri_inverted,meg-alpha_original,sub-212318,-0.5046153846153847,0.010097580807118
mri_inverted,meg-alpha_original,sub-212823,-0.013846153846153848,0.9476251645766063
mri_inverted,meg-alpha_original,sub-255639,-0.5461538461538461,0.004736814825621585
mri_inverted,meg-alpha_original,sub-257845,-0.4415384615384615,0.02713064164922772
mri_inverted,meg-alpha_original,sub-287248,-0.004615384615384616,0.9825313078759506
mri_inverted,meg-alpha_original,sub-353740,0.19076923076923075,0.36101054681468103
mri_inverted,meg-alpha_original,sub-406836,-0.33461538461538465,0.10206022055521323
mri_inverted,meg-alpha_original,sub-512835,-0.2776923076923077,0.1789521687726474
mri_inverted,meg-alpha_original,sub-568963,-0.4684615384615385,0.018180965586760994
mri_inverted,meg-alpha_original,sub-599671,-0.5446153846153846,0.004879812185468513
mri_inverted,meg-alpha_original,sub-725751,-0.5069230769230769,0.009704932351348812
mri_inverted,meg-alpha_original,sub-783462,-0.44307692307692315,0.026538497297724412
mri_inverted,meg-alpha_original,sub-825048,-0.4176923076923077,0.03774613883179592
mri_inverted,meg-alpha_original,sub-891667,-0.5784615384615384,0.002452750938655391
meg-beta_original,meg-beta_inverted,sub-102816,-0.5946153846153845,0.001719902417473404
meg-beta_original,meg-beta_inverted,sub-106521,-0.5715384615384614,0.0028401349969921896
meg-beta_original,meg-beta_inverted,sub-113922,-0.8223076923076923,4.5885907815280126e-07
meg-beta_original,meg-beta_inverted,sub-153732,-0.7092307692307692,7.207021355975451e-05
meg-beta_original,meg-beta_inverted,sub-162935,-0.6238461538461538,0.0008612272748542873
meg-beta_original,meg-beta_inverted,sub-164636,-0.7861538461538461,3.1907766589855138e-06
meg-beta_original,meg-beta_inverted,sub-172029,-0.8146153846153847,7.17536501157323e-07
meg-beta_original,meg-beta_inverted,sub-175540,-0.6576923076923078,0.0003530941441030113
meg-beta_original,meg-beta_inverted,sub-177746,-0.5492307692307692,0.004461402426038191
meg-beta_original,meg-beta_inverted,sub-179245,-0.4692307692307692,0.017966079892348157
meg-beta_original,meg-beta_inverted,sub-181232,-0.4823076923076923,0.014619098711298711
meg-beta_original,meg-beta_inverted,sub-187547,-0.7692307692307693,6.9993767826127116e-06
meg-beta_original,meg-beta_inverted,sub-189349,-0.4676923076923077,0.018397944749552447
meg-beta_original,meg-beta_inverted,sub-195041,-0.7776923076923077,4.765810644471689e-06
meg-beta_original,meg-beta_inverted,sub-198653,-0.7384615384615385,2.5007668816979195e-05
meg-beta_original,meg-beta_inverted,sub-212318,-0.6253846153846154,0.0008288625593398185
meg-beta_original,meg-beta_inverted,sub-212823,-0.5215384615384615,0.00750165189772096
meg-beta_original,meg-beta_inverted,sub-255639,-0.6107692307692307,0.0011833026422937375
meg-beta_original,meg-beta_inverted,sub-257845,-0.7615384615384616,9.792568235371873e-06
meg-beta_original,meg-beta_inverted,sub-287248,-0.5207692307692308,0.007606128587039084
meg-beta_original,meg-beta_inverted,sub-353740,-0.5130769230769231,0.008719427569219104
meg-beta_original,meg-beta_inverted,sub-406836,-0.8223076923076923,4.5885907815280126e-07
meg-beta_original,meg-beta_inverted,sub-512835,-0.6900000000000001,0.00013532580043195636
meg-beta_original,meg-beta_inverted,sub-568963,-0.7223076923076923,4.561713460837436e-05
meg-beta_original,meg-beta_inverted,sub-599671,-0.8376923076923077,1.7546593840860256e-07
meg-beta_original,meg-beta_inverted,sub-725751,-0.7253846153846153,4.0812362640375934e-05
meg-beta_original,meg-beta_inverted,sub-783462,-0.8446153846153847,1.1017098747805242e-07
meg-beta_original,meg-beta_inverted,sub-825048,-0.7884615384615384,2.8512225517544832e-06
meg-beta_original,meg-beta_inverted,sub-891667,-0.7092307692307692,7.207021355975451e-05
mri_original,meg-beta_original,sub-102816,0.4807692307692307,0.014984009366080195
mri_original,meg-beta_original,sub-106521,0.6046153846153847,0.001367666134039168
mri_original,meg-beta_original,sub-113922,0.6661538461538461,0.00027770990911767964
mri_original,meg-beta_original,sub-153732,0.573076923076923,0.002749831030170032
mri_original,meg-beta_original,sub-162935,0.20923076923076922,0.315493655798588
mri_original,meg-beta_original,sub-164636,0.3807692307692308,0.06040566497226483
mri_original,meg-beta_original,sub-172029,0.33307692307692305,0.10374411886277625
mri_original,meg-beta_original,sub-175540,0.5253846153846153,0.006997085226581306
mri_original,meg-beta_original,sub-177746,0.15384615384615383,0.46280399078181256
mri_original,meg-beta_original,sub-179245,0.40461538461538454,0.04483154257566177
mri_original,meg-beta_original,sub-181232,0.4415384615384615,0.02713064164922772
mri_original,meg-beta_original,sub-187547,0.546923076923077,0.00466665213959027
mri_original,meg-beta_original,sub-189349,0.35,0.08631994521775348
mri_original,meg-beta_original,sub-195041,0.5038461538461538,0.010231357533068978
mri_original,meg-beta_original,sub-198653,0.5830769230769232,0.0022203297518509847
mri_original,meg-beta_original,sub-212318,0.5638461538461538,0.003330447346192965
mri_original,meg-beta_original,sub-212823,0.5292307692307692,0.00652124189178532
mri_original,meg-beta_original,sub-255639,0.3123076923076923,0.12853528769607103
mri_original,meg-beta_original,sub-257845,0.1423076923076923,0.4974060918481682
mri_original,meg-beta_original,sub-287248,0.43076923076923074,0.03157956244560084
mri_original,meg-beta_original,sub-353740,0.5661538461538461,0.0031763397406322624
mri_original,meg-beta_original,sub-406836,0.7461538461538462,1.849686710078276e-05
mri_original,meg-beta_original,sub-512835,0.5538461538461539,0.004073699461933922
mri_original,meg-beta_original,sub-568963,0.6399999999999999,0.0005701693749025585
mri_original,meg-beta_original,sub-599671,0.48461538461538467,0.014085451219719318
mri_original,meg-beta_original,sub-725751,0.63,0.0007379916732732262
mri_original,meg-beta_original,sub-783462,0.6161538461538462,0.0010399474648015677
mri_original,meg-beta_original,sub-825048,0.3069230769230769,0.13561015159724565
mri_original,meg-beta_original,sub-891667,0.61,0.001205109101938138
mri_inverted,meg-beta_inverted,sub-102816,0.6761538461538462,0.00020704752078118933
mri_inverted,meg-beta_inverted,sub-106521,0.7515384615384615,1.488207930809173e-05
mri_inverted,meg-beta_inverted,sub-113922,0.7269230769230769,3.8582056547708537e-05
mri_inverted,meg-beta_inverted,sub-153732,0.7892307692307692,2.745427481500586e-06
mri_inverted,meg-beta_inverted,sub-162935,0.3423076923076923,0.09394371684804809
mri_inverted,meg-beta_inverted,sub-164636,0.6246153846153846,0.0008449110535915363
mri_inverted,meg-beta_inverted,sub-172029,0.803076923076923,1.3522320063587727e-06
mri_inverted,meg-beta_inverted,sub-175540,0.8738461538461537,1.1654253460528004e-08
mri_inverted,meg-beta_inverted,sub-177746,0.4623076923076923,0.01997667871234909
mri_inverted,meg-beta_inverted,sub-179245,0.6115384615384616,0.0011618366565919222
mri_inverted,meg-beta_inverted,sub-181232,0.6646153846153847,0.0002902652648071729
mri_inverted,meg-beta_inverted,sub-187547,0.6830769230769231,0.00016785911197024356
mri_inverted,meg-beta_inverted,sub-189349,0.6176923076923077,0.0010018471829932982
mri_inverted,meg-beta_inverted,sub-195041,0.3646153846153847,0.07313083237165932
mri_inverted,meg-beta_inverted,sub-198653,0.7253846153846153,4.0812362640375934e-05
mri_inverted,meg-beta_inverted,sub-212318,0.6792307692307692,0.0001887402524069245
mri_inverted,meg-beta_inverted,sub-212823,0.5353846153846153,0.00581642313938255
mri_inverted,meg-beta_inverted,sub-255639,0.8046153846153845,1.2456660325798921e-06
mri_inverted,meg-beta_inverted,sub-257845,0.42692307692307696,0.033302974687862176
mri_inverted,meg-beta_inverted,sub-287248,0.793076923076923,2.2671857391655608e-06
mri_inverted,meg-beta_inverted,sub-353740,0.8223076923076923,4.5885907815280126e-07
mri_inverted,meg-beta_inverted,sub-406836,0.7376923076923076,2.57587747741813e-05
mri_inverted,meg-beta_inverted,sub-512835,0.6438461538461538,0.000515065106523992
mri_inverted,meg-beta_inverted,sub-568963,0.7538461538461538,1.353535484947291e-05
mri_inverted,meg-beta_inverted,sub-599671,0.5392307692307693,0.0054093036448047815
mri_inverted,meg-beta_inverted,sub-725751,0.7192307692307691,5.091437665523916e-05
mri_inverted,meg-beta_inverted,sub-783462,0.6961538461538461,0.00011119312457937078
mri_inverted,meg-beta_inverted,sub-825048,0.7161538461538461,5.6746929417367946e-05
mri_inverted,meg-beta_inverted,sub-891667,0.7907692307692307,2.544284901192431e-06
mri_original,meg-beta_inverted,sub-102816,-0.30000000000000004,0.14511308137364481
mri_original,meg-beta_inverted,sub-106521,-0.5961538461538461,0.0016611241919869063
mri_original,meg-beta_inverted,sub-113922,-0.6184615384615385,0.000983252721449411
mri_original,meg-beta_inverted,sub-153732,-0.39615384615384613,0.04994695145286887
mri_original,meg-beta_inverted,sub-162935,0.023846153846153843,0.9099177127623183
mri_original,meg-beta_inverted,sub-164636,-0.27153846153846156,0.18917776818595083
mri_original,meg-beta_inverted,sub-172029,-0.4653846153846154,0.019061592840754593
mri_original,meg-beta_inverted,sub-175540,-0.5046153846153847,0.010097580807118
mri_original,meg-beta_inverted,sub-177746,-0.2976923076923077,0.14838393072691372
mri_original,meg-beta_inverted,sub-179245,-0.5646153846153846,0.0032783882441606714
mri_original,meg-beta_inverted,sub-181232,-0.4692307692307692,0.017966079892348157
mri_original,meg-beta_inverted,sub-187547,-0.5961538461538461,0.0016611241919869063
mri_original,meg-beta_inverted,sub-189349,-0.32923076923076927,0.10804385773497074
mri_original,meg-beta_inverted,sub-195041,-0.3546153846153846,0.08197511194517204
mri_original,meg-beta_inverted,sub-198653,-0.6007692307692307,0.0014950041838964238
mri_original,meg-beta_inverted,sub-212318,-0.44846153846153847,0.024547450333057354
mri_original,meg-beta_inverted,sub-212823,-0.33,0.1071735605208438
mri_original,meg-beta_inverted,sub-255639,-0.39076923076923076,0.05343258614268807
mri_original,meg-beta_inverted,sub-257845,-0.21538461538461537,0.30114175791935804
mri_original,meg-beta_inverted,sub-287248,-0.45230769230769236,0.023200566159354626
mri_original,meg-beta_inverted,sub-353740,-0.33999999999999997,0.0963261661414154
mri_original,meg-beta_inverted,sub-406836,-0.643076923076923,0.0005257001326913225
mri_original,meg-beta_inverted,sub-512835,-0.5992307692307692,0.0015487166206840717
mri_original,meg-beta_inverted,sub-568963,-0.6684615384615384,0.0002597655001197189
mri_original,meg-beta_inverted,sub-599671,-0.5569230769230769,0.0038313877602207673
mri_original,meg-beta_inverted,sub-725751,-0.39692307692307693,0.04946387217123112
mri_original,meg-beta_inverted,sub-783462,-0.6015384615384615,0.0014687529995628726
mri_original,meg-beta_inverted,sub-825048,-0.32923076923076927,0.10804385773497074
mri_original,meg-beta_inverted,sub-891667,-0.4115384615384615,0.04096068244289257
mri_inverted,meg-beta_original,sub-102816,-0.3161538461538462,0.12364832141188487
mri_inverted,meg-beta_original,sub-106521,-0.5407692307692307,0.005253310692959465
mri_inverted,meg-beta_original,sub-113922,-0.5846153846153846,0.002147159241684255
mri_inverted,meg-beta_original,sub-153732,-0.4753846153846154,0.016320582719677446
mri_inverted,meg-beta_original,sub-162935,-0.22923076923076924,0.2703601898431141
mri_inverted,meg-beta_original,sub-164636,-0.46307692307692305,0.01974462362857622
mri_inverted,meg-beta_original,sub-172029,-0.5907692307692308,0.001874700009635053
mri_inverted,meg-beta_original,sub-175540,-0.6323076923076923,0.0006958827969825711
mri_inverted,meg-beta_original,sub-177746,-0.11230769230769232,0.5930055283532201
mri_inverted,meg-beta_original,sub-179245,-0.3823076923076923,0.059289396979112674
mri_inverted,meg-beta_original,sub-181232,-0.4438461538461538,0.026246353455600696
mri_inverted,meg-beta_original,sub-187547,-0.45,0.024001313370769786
mri_inverted,meg-beta_original,sub-189349,-0.2561538461538462,0.21647833224140894
mri_inverted,meg-beta_original,sub-195041,-0.37538461538461537,0.06444094638251531
mri_inverted,meg-beta_original,sub-198653,-0.4584615384615385,0.021170480845165648
mri_inverted,meg-beta_original,sub-212318,-0.48615384615384616,0.013738670501970229
mri_inverted,meg-beta_original,sub-212823,-0.3223076923076923,0.11611273112778325
mri_inverted,meg-beta_original,sub-255639,-0.41846153846153844,0.03735881098217245
mri_inverted,meg-beta_original,sub-257845,-0.10846153846153846,0.6058053003522006
mri_inverted,meg-beta_original,sub-287248,-0.43,0.031918410592466445
mri_inverted,meg-beta_original,sub-353740,-0.4992307692307692,0.011065261834899007
mri_inverted,meg-beta_original,sub-406836,-0.4776923076923077,0.015736283971364878
mri_inverted,meg-beta_original,sub-512835,-0.3515384615384615,0.08485282437970938
mri_inverted,meg-beta_original,sub-568963,-0.47846153846153844,0.015545373390900938
mri_inverted,meg-beta_original,sub-599671,-0.52,0.007711818220334813
mri_inverted,meg-beta_original,sub-725751,-0.43615384615384617,0.029287387372710263
mri_inverted,meg-beta_original,sub-783462,-0.5507692307692308,0.0043288477428478885
mri_inverted,meg-beta_original,sub-825048,-0.5423076923076924,0.005101122263604562
mri_inverted,meg-beta_original,sub-891667,-0.5953846153846154,0.0016902943707928157
meg-lgamma_original,meg-lgamma_inverted,sub-102816,-0.7053846153846153,8.206806844597019e-05
meg-lgamma_original,meg-lgamma_inverted,sub-106521,-0.6861538461538461,0.00015263992227423608
meg-lgamma_original,meg-lgamma_inverted,sub-113922,-0.7061538461538461,7.997618571564303e-05
meg-lgamma_original,meg-lgamma_inverted,sub-153732,-0.5753846153846153,0.0026189622644539542
meg-lgamma_original,meg-lgamma_inverted,sub-162935,-0.8553846153846153,5.098977369778637e-08
meg-lgamma_original,meg-lgamma_inverted,sub-164636,-0.8038461538461538,1.2979714272849509e-06
meg-lgamma_original,meg-lgamma_inverted,sub-172029,-0.7338461538461539,2.982194966558233e-05
meg-lgamma_original,meg-lgamma_inverted,sub-175540,-0.703076923076923,8.863539245670383e-05
meg-lgamma_original,meg-lgamma_inverted,sub-177746,-0.7530769230769231,1.3971723655833857e-05
meg-lgamma_original,meg-lgamma_inverted,sub-179245,-0.5284615384615384,0.006614175335379868
meg-lgamma_original,meg-lgamma_inverted,sub-181232,-0.7176923076923076,5.376094496455514e-05
meg-lgamma_original,meg-lgamma_inverted,sub-187547,-0.7269230769230769,3.8582056547708537e-05
meg-lgamma_original,meg-lgamma_inverted,sub-189349,-0.6569230769230769,0.0003607567346294127
meg-lgamma_original,meg-lgamma_inverted,sub-195041,-0.8792307692307693,7.2535899923591896e-09
meg-lgamma_original,meg-lgamma_inverted,sub-198653,-0.6915384615384614,0.00012889813138549549
meg-lgamma_original,meg-lgamma_inverted,sub-212318,-0.7461538461538462,1.849686710078276e-05
meg-lgamma_original,meg-lgamma_inverted,sub-212823,-0.7053846153846153,8.206806844597019e-05
meg-lgamma_original,meg-lgamma_inverted,sub-255639,-0.6476923076923076,0.00046464395766155877
meg-lgamma_original,meg-lgamma_inverted,sub-257845,-0.7923076923076923,2.3563996665439814e-06
meg-lgamma_original,meg-lgamma_inverted,sub-287248,-0.8223076923076923,4.5885907815280126e-07
meg-lgamma_original,meg-lgamma_inverted,sub-353740,-0.5807692307692308,0.002334073055055463
meg-lgamma_original,meg-lgamma_inverted,sub-406836,-0.8546153846153846,5.3983133829915596e-08
meg-lgamma_original,meg-lgamma_inverted,sub-512835,-0.8200000000000001,5.258747595586103e-07
meg-lgamma_original,meg-lgamma_inverted,sub-568963,-0.6653846153846155,0.00028392704699323196
meg-lgamma_original,meg-lgamma_inverted,sub-599671,-0.6253846153846154,0.0008288625593398185
meg-lgamma_original,meg-lgamma_inverted,sub-725751,-0.5753846153846153,0.0026189622644539542
meg-lgamma_original,meg-lgamma_inverted,sub-783462,-0.51,0.009201208926110364
meg-lgamma_original,meg-lgamma_inverted,sub-825048,-0.733076923076923,3.06994146892447e-05
meg-lgamma_original,meg-lgamma_inverted,sub-891667,-0.7476923076923078,1.739216623323107e-05
mri_original,meg-lgamma_original,sub-102816,0.09461538461538462,0.6528051126847747
mri_original,meg-lgamma_original,sub-106521,0.26384615384615384,0.20251547162065686
mri_original,meg-lgamma_original,sub-113922,0.3161538461538462,0.12364832141188487
mri_original,meg-lgamma_original,sub-153732,0.2684615384615385,0.1944383348505003
mri_original,meg-lgamma_original,sub-162935,0.30615384615384617,0.13664329314039278
mri_original,meg-lgamma_original,sub-164636,0.19153846153846155,0.3590408645895138
mri_original,meg-lgamma_original,sub-172029,0.003076923076923077,0.988353722886774
mri_original,meg-lgamma_original,sub-175540,-0.15000000000000002,0.4741966461552527
mri_original,meg-lgamma_original,sub-177746,0.31076923076923074,0.13052875928344368
mri_original,meg-lgamma_original,sub-179245,0.2676923076923077,0.1957689655765983
mri_original,meg-lgamma_original,sub-181232,0.2453846153846154,0.2370897001583282
mri_original,meg-lgamma_original,sub-187547,0.3561538461538461,0.08056424160875286
mri_original,meg-lgamma_original,sub-189349,0.09384615384615384,0.6554564771802143
mri_original,meg-lgamma_original,sub-195041,0.44076923076923075,0.027430675282943604
mri_original,meg-lgamma_original,sub-198653,0.28384615384615386,0.16911653617944641
mri_original,meg-lgamma_original,sub-212318,-0.14076923076923076,0.5021146784013018
mri_original,meg-lgamma_original,sub-212823,0.3723076923076923,0.06683818554298158
mri_original,meg-lgamma_original,sub-255639,0.061538461538461535,0.7701210708628821
mri_original,meg-lgamma_original,sub-257845,-0.2376923076923077,0.25257893718598984
mri_original,meg-lgamma_original,sub-287248,0.3130769230769231,0.12754687047443294
mri_original,meg-lgamma_original,sub-353740,0.4107692307692308,0.04137725673275661
mri_original,meg-lgamma_original,sub-406836,0.3623076923076923,0.07510405629884179
mri_original,meg-lgamma_original,sub-512835,0.23923076923076922,0.2494297208431553
mri_original,meg-lgamma_original,sub-568963,0.46615384615384614,0.018838243344018554
mri_original,meg-lgamma_original,sub-599671,0.3130769230769231,0.12754687047443294
mri_original,meg-lgamma_original,sub-725751,0.24153846153846154,0.24475409855765912
mri_original,meg-lgamma_original,sub-783462,0.2815384615384615,0.1727595261671579
mri_original,meg-lgamma_original,sub-825048,0.13999999999999999,0.504477192636605
mri_original,meg-lgamma_original,sub-891667,0.47307692307692306,0.016922533876749954
mri_inverted,meg-lgamma_inverted,sub-102816,0.32692307692307687,0.1106860533688749
mri_inverted,meg-lgamma_inverted,sub-106521,0.5661538461538461,0.0031763397406322624
mri_inverted,meg-lgamma_inverted,sub-113922,0.5223076923076923,0.00739837730776276
mri_inverted,meg-lgamma_inverted,sub-153732,0.5415384615384615,0.00517674554086912
mri_inverted,meg-lgamma_inverted,sub-162935,0.5876923076923077,0.00200697959282309
mri_inverted,meg-lgamma_inverted,sub-164636,0.3738461538461539,0.06563115158714224
mri_inverted,meg-lgamma_inverted,sub-172029,0.6976923076923077,0.00010578609293557157
mri_inverted,meg-lgamma_inverted,sub-175540,0.4723076923076923,0.017127174630535404
mri_inverted,meg-lgamma_inverted,sub-177746,0.5176923076923077,0.008036274163803127
mri_inverted,meg-lgamma_inverted,sub-179245,0.5723076923076923,0.002794672646580781
mri_inverted,meg-lgamma_inverted,sub-181232,0.46384615384615385,0.01951476779247494
mri_inverted,meg-lgamma_inverted,sub-187547,0.5461538461538461,0.004736814825621585
mri_inverted,meg-lgamma_inverted,sub-189349,0.4723076923076923,0.017127174630535404
mri_inverted,meg-lgamma_inverted,sub-195041,0.33384615384615385,0.10289961467836549
mri_inverted,meg-lgamma_inverted,sub-198653,0.6392307692307693,0.0005817833939500861
mri_inverted,meg-lgamma_inverted,sub-212318,0.3492307692307692,0.08706063248527335
mri_inverted,meg-lgamma_inverted,sub-212823,0.5523076923076923,0.004199635901079686
mri_inverted,meg-lgamma_inverted,sub-255639,0.5584615384615385,0.0037148823305305206
mri_inverted,meg-lgamma_inverted,sub-257845,0.2569230769230769,0.21505370359693765
mri_inverted,meg-lgamma_inverted,sub-287248,0.6461538461538462,0.0004842725395958797
mri_inverted,meg-lgamma_inverted,sub-353740,0.6653846153846155,0.00028392704699323196
mri_inverted,meg-lgamma_inverted,sub-406836,0.4123076923076923,0.04054742886120219
mri_inverted,meg-lgamma_inverted,sub-512835,0.3876923076923077,0.05550775224256221
mri_inverted,meg-lgamma_inverted,sub-568963,0.7107692307692308,6.838177233326357e-05
mri_inverted,meg-lgamma_inverted,sub-599671,0.4107692307692308,0.04137725673275661
mri_inverted,meg-lgamma_inverted,sub-725751,0.6223076923076922,0.0008946777270382536
mri_inverted,meg-lgamma_inverted,sub-783462,0.6915384615384614,0.00012889813138549549
mri_inverted,meg-lgamma_inverted,sub-825048,0.6946153846153846,0.00011684134330531795
mri_inverted,meg-lgamma_inverted,sub-891667,0.6723076923076923,0.000232101742663929
mri_original,meg-lgamma_inverted,sub-102816,-0.13307692307692306,0.5259830658616598
mri_original,meg-lgamma_inverted,sub-106521,-0.4038461538461539,0.04527880876838549
mri_original,meg-lgamma_inverted,sub-113922,-0.42076923076923073,0.036215723483100655
mri_original,meg-lgamma_inverted,sub-153732,-0.1476923076923077,0.4811005696665245
mri_original,meg-lgamma_inverted,sub-162935,-0.3861538461538461,0.05656854635871757
mri_original,meg-lgamma_inverted,sub-164636,-0.19615384615384615,0.3473556499313192
mri_original,meg-lgamma_inverted,sub-172029,-0.2169230769230769,0.2976182551465212
mri_original,meg-lgamma_inverted,sub-175540,-0.18,0.38924501850072923
mri_original,meg-lgamma_inverted,sub-177746,-0.3546153846153846,0.08197511194517204
mri_original,meg-lgamma_inverted,sub-179245,-0.40692307692307694,0.04351056422815661
mri_original,meg-lgamma_inverted,sub-181232,-0.33153846153846156,0.1054485223918959
mri_original,meg-lgamma_inverted,sub-187547,-0.4576923076923077,0.021416054925832997
mri_original,meg-lgamma_inverted,sub-189349,-0.21307692307692308,0.3064753923200176
mri_original,meg-lgamma_inverted,sub-195041,-0.45384615384615384,0.022678852863870013
mri_original,meg-lgamma_inverted,sub-198653,-0.4923076923076923,0.012421062192862625
mri_original,meg-lgamma_inverted,sub-212318,-0.23846153846153845,0.2510011134189242
mri_original,meg-lgamma_inverted,sub-212823,-0.5092307692307693,0.009325053309110123
mri_original,meg-lgamma_inverted,sub-255639,-0.22846153846153847,0.2720153736834069
mri_original,meg-lgamma_inverted,sub-257845,-0.04230769230769231,0.8408565379913094
mri_original,meg-lgamma_inverted,sub-287248,-0.3869230769230769,0.056036199896614826
mri_original,meg-lgamma_inverted,sub-353740,-0.4669230769230769,0.018617032333312536
mri_original,meg-lgamma_inverted,sub-406836,-0.41846153846153844,0.03735881098217245
mri_original,meg-lgamma_inverted,sub-512835,-0.48384615384615387,0.014261523086841301
mri_original,meg-lgamma_inverted,sub-568963,-0.6376923076923077,0.0006056281450803111
mri_original,meg-lgamma_inverted,sub-599671,-0.5792307692307693,0.0024126328200866076
mri_original,meg-lgamma_inverted,sub-725751,-0.30769230769230765,0.1345826496160396
mri_original,meg-lgamma_inverted,sub-783462,-0.5023076923076923,0.010503325012917598
mri_original,meg-lgamma_inverted,sub-825048,-0.2915384615384616,0.15736225008219257
mri_original,meg-lgamma_inverted,sub-891667,-0.38,0.060969856136655204
mri_inverted,meg-lgamma_original,sub-102816,-0.04538461538461538,0.8294429316309466
mri_inverted,meg-lgamma_original,sub-106521,-0.27076923076923076,0.19048363370639726
mri_inverted,meg-lgamma_original,sub-113922,-0.2592307692307692,0.21081769004196943
mri_inverted,meg-lgamma_original,sub-153732,-0.21999999999999997,0.2906487133659938
mri_inverted,meg-lgamma_original,sub-162935,-0.39,0.053945620344267205
mri_inverted,meg-lgamma_original,sub-164636,-0.15384615384615383,0.46280399078181256
mri_inverted,meg-lgamma_original,sub-172029,-0.4015384615384615,0.04664167971380561
mri_inverted,meg-lgamma_original,sub-175540,-0.021538461538461538,0.9186055562072158
mri_inverted,meg-lgamma_original,sub-177746,-0.33307692307692305,0.10374411886277625
mri_inverted,meg-lgamma_original,sub-179245,-0.2676923076923077,0.1957689655765983
mri_inverted,meg-lgamma_original,sub-181232,-0.2646153846153846,0.20115369650871265
mri_inverted,meg-lgamma_original,sub-187547,-0.34384615384615386,0.09238008381677262
mri_inverted,meg-lgamma_original,sub-189349,-0.07153846153846154,0.7339954015507332
mri_inverted,meg-lgamma_original,sub-195041,-0.26153846153846155,0.20663834320215319
mri_inverted,meg-lgamma_original,sub-198653,-0.34615384615384615,0.09007129607094416
mri_inverted,meg-lgamma_original,sub-212318,-0.006923076923076924,0.9737994035133074
mri_inverted,meg-lgamma_original,sub-212823,-0.22153846153846157,0.28720269174260227
mri_inverted,meg-lgamma_original,sub-255639,-0.21307692307692308,0.3064753923200176
mri_inverted,meg-lgamma_original,sub-257845,0.10153846153846155,0.6291299593362891
mri_inverted,meg-lgamma_original,sub-287248,-0.4576923076923077,0.021416054925832997
mri_inverted,meg-lgamma_original,sub-353740,-0.21846153846153843,0.294120570294703
mri_inverted,meg-lgamma_original,sub-406836,-0.23846153846153845,0.2510011134189242
mri_inverted,meg-lgamma_original,sub-512835,-0.14384615384615382,0.49271954928907735
mri_inverted,meg-lgamma_original,sub-568963,-0.3723076923076923,0.06683818554298158
mri_inverted,meg-lgamma_original,sub-599671,-0.19999999999999998,0.3377926739978242
mri_inverted,meg-lgamma_original,sub-725751,-0.30769230769230765,0.1345826496160396
mri_inverted,meg-lgamma_original,sub-783462,-0.26615384615384613,0.19844887309568146
mri_inverted,meg-lgamma_original,sub-825048,-0.3869230769230769,0.056036199896614826
mri_inverted,meg-lgamma_original,sub-891667,-0.5030769230769231,0.01036660151118429
meg-hgamma_original,meg-hgamma_inverted,sub-102816,-0.826923076923077,3.4730186458766747e-07
meg-hgamma_original,meg-hgamma_inverted,sub-106521,-0.8592307692307692,3.8145976266422675e-08
meg-hgamma_original,meg-hgamma_inverted,sub-113922,-0.8238461538461539,4.1854381389918974e-07
meg-hgamma_original,meg-hgamma_inverted,sub-153732,-0.6630769230769231,0.00030331290957102215
meg-hgamma_original,meg-hgamma_inverted,sub-162935,-0.8992307692307692,1.0008637664511105e-09
meg-hgamma_original,meg-hgamma_inverted,sub-164636,-0.8584615384615385,4.0452809239794703e-08
meg-hgamma_original,meg-hgamma_inverted,sub-172029,-0.8715384615384615,1.4187284779496978e-08
meg-hgamma_original,meg-hgamma_inverted,sub-175540,-0.6153846153846153,0.0010594614438682035
meg-hgamma_original,meg-hgamma_inverted,sub-177746,-0.8684615384615384,1.8334950096284845e-08
meg-hgamma_original,meg-hgamma_inverted,sub-179245,-0.7792307692307692,4.436262495819455e-06
meg-hgamma_original,meg-hgamma_inverted,sub-181232,-0.7607692307692308,1.0120111161326285e-05
meg-hgamma_original,meg-hgamma_inverted,sub-187547,-0.7653846153846153,8.291960339097674e-06
meg-hgamma_original,meg-hgamma_inverted,sub-189349,-0.8215384615384616,4.802936040480089e-07
meg-hgamma_original,meg-hgamma_inverted,sub-195041,-0.9069230769230769,4.174685648671283e-10
meg-hgamma_original,meg-hgamma_inverted,sub-198653,-0.8084615384615383,1.011349233689982e-06
meg-hgamma_original,meg-hgamma_inverted,sub-212318,-0.7638461538461538,8.86571031210106e-06
meg-hgamma_original,meg-hgamma_inverted,sub-212823,-0.8584615384615385,4.0452809239794703e-08
meg-hgamma_original,meg-hgamma_inverted,sub-255639,-0.8530769230769231,6.044888882239676e-08
meg-hgamma_original,meg-hgamma_inverted,sub-257845,-0.6900000000000001,0.00013532580043195636
meg-hgamma_original,meg-hgamma_inverted,sub-287248,-0.8492307692307692,7.976861320615833e-08
meg-hgamma_original,meg-hgamma_inverted,sub-353740,-0.81,9.292598628661131e-07
meg-hgamma_original,meg-hgamma_inverted,sub-406836,-0.8246153846153846,3.9960265055728355e-07
meg-hgamma_original,meg-hgamma_inverted,sub-512835,-0.7676923076923077,7.493148839559231e-06
meg-hgamma_original,meg-hgamma_inverted,sub-568963,-0.7853846153846153,3.3117206719816817e-06
meg-hgamma_original,meg-hgamma_inverted,sub-599671,-0.7861538461538461,3.1907766589855138e-06
meg-hgamma_original,meg-hgamma_inverted,sub-725751,-0.6061538461538462,0.0013194054636419485
meg-hgamma_original,meg-hgamma_inverted,sub-783462,-0.8076923076923078,1.0547779604583564e-06
meg-hgamma_original,meg-hgamma_inverted,sub-825048,-0.7207692307692307,4.820158860995344e-05
meg-hgamma_original,meg-hgamma_inverted,sub-891667,-0.8407692307692308,1.4306549818740956e-07
mri_original,meg-hgamma_original,sub-102816,0.13692307692307693,0.5139816221819469
mri_original,meg-hgamma_original,sub-106521,0.02923076923076923,0.8896867792662461
mri_original,meg-hgamma_original,sub-113922,0.43692307692307686,0.028971124216907392
mri_original,meg-hgamma_original,sub-153732,0.08076923076923077,0.7011275748533198
mri_original,meg-hgamma_original,sub-162935,0.11307692307692309,0.5904595228666748
mri_original,meg-hgamma_original,sub-164636,0.12230769230769231,0.5602813366901465
mri_original,meg-hgamma_original,sub-172029,-0.24307692307692308,0.24166911223264842
mri_original,meg-hgamma_original,sub-175540,0.03538461538461538,0.8666482296036683
mri_original,meg-hgamma_original,sub-177746,0.21769230769230768,0.29586618479380267
mri_original,meg-hgamma_original,sub-179245,0.24,0.24786475636345956
mri_original,meg-hgamma_original,sub-181232,0.15999999999999998,0.44487621013103373
mri_original,meg-hgamma_original,sub-187547,0.20153846153846153,0.33401212685217296
mri_original,meg-hgamma_original,sub-189349,0.22692307692307692,0.27534511466374456
mri_original,meg-hgamma_original,sub-195041,0.39307692307692305,0.05191625841542359
mri_original,meg-hgamma_original,sub-198653,0.3538461538461538,0.08268751738668596
mri_original,meg-hgamma_original,sub-212318,-0.09076923076923075,0.6661022395647747
mri_original,meg-hgamma_original,sub-212823,0.30615384615384617,0.13664329314039278
mri_original,meg-hgamma_original,sub-255639,-0.04769230769230769,0.8209045857929845
mri_original,meg-hgamma_original,sub-257845,-0.28769230769230764,0.16316495474349582
mri_original,meg-hgamma_original,sub-287248,0.2169230769230769,0.2976182551465212
mri_original,meg-hgamma_original,sub-353740,0.3869230769230769,0.056036199896614826
mri_original,meg-hgamma_original,sub-406836,0.2869230769230769,0.16434331549306572
mri_original,meg-hgamma_original,sub-512835,0.26153846153846155,0.20663834320215319
mri_original,meg-hgamma_original,sub-568963,0.30230769230769233,0.14189407251612246
mri_original,meg-hgamma_original,sub-599671,0.3246153846153846,0.11337553699158226
mri_original,meg-hgamma_original,sub-725751,-0.12538461538461537,0.5503795193738266
mri_original,meg-hgamma_original,sub-783462,0.18076923076923077,0.387187732465351
mri_original,meg-hgamma_original,sub-825048,-0.2561538461538462,0.21647833224140894
mri_original,meg-hgamma_original,sub-891667,0.38461538461538464,0.05764500841938388
mri_inverted,meg-hgamma_inverted,sub-102816,0.25153846153846154,0.22515909919668434
mri_inverted,meg-hgamma_inverted,sub-106521,0.23846153846153845,0.2510011134189242
mri_inverted,meg-hgamma_inverted,sub-113922,0.5499999999999999,0.004394702977282546
mri_inverted,meg-hgamma_inverted,sub-153732,0.38384615384615384,0.05818916037068151
mri_inverted,meg-hgamma_inverted,sub-162935,0.3646153846153847,0.07313083237165932
mri_inverted,meg-hgamma_inverted,sub-164636,0.23384615384615384,0.26056462159440774
mri_inverted,meg-hgamma_inverted,sub-172029,0.4107692307692308,0.04137725673275661
mri_inverted,meg-hgamma_inverted,sub-175540,0.033846153846153845,0.8723986996127842
mri_inverted,meg-hgamma_inverted,sub-177746,0.3861538461538461,0.05656854635871757
mri_inverted,meg-hgamma_inverted,sub-179245,0.48384615384615387,0.014261523086841301
mri_inverted,meg-hgamma_inverted,sub-181232,0.16846153846153847,0.4208415376807141
mri_inverted,meg-hgamma_inverted,sub-187547,0.3815384615384615,0.05984551797155417
mri_inverted,meg-hgamma_inverted,sub-189349,0.33615384615384614,0.10039669717956894
mri_inverted,meg-hgamma_inverted,sub-195041,0.26692307692307693,0.1971058089027914
mri_inverted,meg-hgamma_inverted,sub-198653,0.46384615384615385,0.01951476779247494
mri_inverted,meg-hgamma_inverted,sub-212318,0.19076923076923075,0.36101054681468103
mri_inverted,meg-hgamma_inverted,sub-212823,0.25076923076923074,0.2266281148852978
mri_inverted,meg-hgamma_inverted,sub-255639,0.5453846153846154,0.004807865215026952
mri_inverted,meg-hgamma_inverted,sub-257845,0.22615384615384618,0.27701967350071866
mri_inverted,meg-hgamma_inverted,sub-287248,0.42538461538461536,0.03401300109671608
mri_inverted,meg-hgamma_inverted,sub-353740,0.3807692307692308,0.06040566497226483
mri_inverted,meg-hgamma_inverted,sub-406836,0.30000000000000004,0.14511308137364481
mri_inverted,meg-hgamma_inverted,sub-512835,0.3853846153846154,0.05710480980721743
mri_inverted,meg-hgamma_inverted,sub-568963,0.44461538461538463,0.025956806489614393
mri_inverted,meg-hgamma_inverted,sub-599671,0.24461538461538462,0.23860976723289992
mri_inverted,meg-hgamma_inverted,sub-725751,0.44230769230769235,0.026833254515162278
mri_inverted,meg-hgamma_inverted,sub-783462,0.5084615384615384,0.009450280771159735
mri_inverted,meg-hgamma_inverted,sub-825048,0.4230769230769231,0.035100611039495716
mri_inverted,meg-hgamma_inverted,sub-891667,0.6053846153846154,0.0013433495567764602
mri_original,meg-hgamma_inverted,sub-102816,-0.11076923076923079,0.5981115617639339
mri_original,meg-hgamma_inverted,sub-106521,0.009999999999999998,0.9621615894640947
mri_original,meg-hgamma_inverted,sub-113922,-0.4392307692307692,0.02803874858736798
mri_original,meg-hgamma_inverted,sub-153732,-0.009230769230769232,0.9650704283598979
mri_original,meg-hgamma_inverted,sub-162935,-0.1323076923076923,0.5283992800855006
mri_original,meg-hgamma_inverted,sub-164636,-0.013846153846153848,0.9476251645766063
mri_original,meg-hgamma_inverted,sub-172029,0.07999999999999999,0.7038476432462639
mri_original,meg-hgamma_inverted,sub-175540,-0.07846153846153846,0.7092983704196518
mri_original,meg-hgamma_inverted,sub-177746,-0.18615384615384614,0.3729608729013305
mri_original,meg-hgamma_inverted,sub-179245,-0.40461538461538454,0.04483154257566177
mri_original,meg-hgamma_inverted,sub-181232,0.05153846153846154,0.8067183623480412
mri_original,meg-hgamma_inverted,sub-187547,-0.22384615384615386,0.28208211024105667
mri_original,meg-hgamma_inverted,sub-189349,-0.09384615384615384,0.6554564771802143
mri_original,meg-hgamma_inverted,sub-195041,-0.41000000000000003,0.0417971695800554
mri_original,meg-hgamma_inverted,sub-198653,-0.33307692307692305,0.10374411886277625
mri_original,meg-hgamma_inverted,sub-212318,-0.23384615384615384,0.26056462159440774
mri_original,meg-hgamma_inverted,sub-212823,-0.32692307692307687,0.1106860533688749
mri_original,meg-hgamma_inverted,sub-255639,-0.16153846153846155,0.4404527964471071
mri_original,meg-hgamma_inverted,sub-257845,0.09769230769230769,0.6422407865652611
mri_original,meg-hgamma_inverted,sub-287248,-0.15076923076923077,0.4719066833093053
mri_original,meg-hgamma_inverted,sub-353740,-0.2946153846153846,0.15282630212252207
mri_original,meg-hgamma_inverted,sub-406836,-0.3807692307692308,0.06040566497226483
mri_original,meg-hgamma_inverted,sub-512835,-0.40076923076923077,0.047103054280209965
mri_original,meg-hgamma_inverted,sub-568963,-0.39999999999999997,0.04756800106987493
mri_original,meg-hgamma_inverted,sub-599671,-0.48692307692307696,0.013567934277178641
mri_original,meg-hgamma_inverted,sub-725751,0.02846153846153846,0.8925731044757399
mri_original,meg-hgamma_inverted,sub-783462,-0.22846153846153847,0.2720153736834069
mri_original,meg-hgamma_inverted,sub-825048,0.005384615384615384,0.9796204078469652
mri_original,meg-hgamma_inverted,sub-891667,-0.4061538461538462,0.04394743829227769
mri_inverted,meg-hgamma_original,sub-102816,-0.03846153846153846,0.8551673034402157
mri_inverted,meg-hgamma_original,sub-106521,-0.20153846153846153,0.33401212685217296
mri_inverted,meg-hgamma_original,sub-113922,-0.36692307692307696,0.0711974136069985
mri_inverted,meg-hgamma_original,sub-153732,-0.31153846153846154,0.12952924585337894
mri_inverted,meg-hgamma_original,sub-162935,-0.2684615384615385,0.1944383348505003
mri_inverted,meg-hgamma_original,sub-164636,-0.06692307692307692,0.7506056746243597
mri_inverted,meg-hgamma_original,sub-172029,-0.26076923076923075,0.20802517410935764
mri_inverted,meg-hgamma_original,sub-175540,0.21153846153846154,0.3100633788322083
mri_inverted,meg-hgamma_original,sub-177746,-0.33615384615384614,0.10039669717956894
mri_inverted,meg-hgamma_original,sub-179245,-0.2753846153846154,0.18274079905369653
mri_inverted,meg-hgamma_original,sub-181232,-0.19692307692307692,0.34543032119624895
mri_inverted,meg-hgamma_original,sub-187547,-0.2676923076923077,0.1957689655765983
mri_inverted,meg-hgamma_original,sub-189349,-0.16692307692307692,0.4251577275286923
mri_inverted,meg-hgamma_original,sub-195041,-0.2407692307692308,0.24630621673375477
mri_inverted,meg-hgamma_original,sub-198653,-0.3507692307692308,0.08558401494752202
mri_inverted,meg-hgamma_original,sub-212318,0.07307692307692308,0.7284839479101772
mri_inverted,meg-hgamma_original,sub-212823,-0.18692307692307694,0.37095344799135543
mri_inverted,meg-hgamma_original,sub-255639,-0.3046153846153846,0.1387265498307697
mri_inverted,meg-hgamma_original,sub-257845,0.16307692307692304,0.43605302334597895
mri_inverted,meg-hgamma_original,sub-287248,-0.34615384615384615,0.09007129607094416
mri_inverted,meg-hgamma_original,sub-353740,-0.2530769230769231,0.2222401375819646
mri_inverted,meg-hgamma_original,sub-406836,-0.19615384615384615,0.3473556499313192
mri_inverted,meg-hgamma_original,sub-512835,-0.1576923076923077,0.45155541117112874
mri_inverted,meg-hgamma_original,sub-568963,-0.2276923076923077,0.27367701498103636
mri_inverted,meg-hgamma_original,sub-599671,-0.22153846153846157,0.28720269174260227
mri_inverted,meg-hgamma_original,sub-725751,-0.28769230769230764,0.16316495474349582
mri_inverted,meg-hgamma_original,sub-783462,-0.4146153846153846,0.03932741419049646
mri_inverted,meg-hgamma_original,sub-825048,-0.12846153846153846,0.5405588701740697
mri_inverted,meg-hgamma_original,sub-891667,-0.4138461538461538,0.039730812530675036
