parc,metric,map,effect,converged,df_model,df_resid,beta,chi2,p,pmeff
Schaefer200,original,CMRglu,treat,True,7,106,0.3567743884644788,0.9108527564566643,0.3398882585529952,0.9908000373894869
Schaefer200,original,CMRglu,session,True,7,106,0.3567743884644788,0.8171187748080233,0.366023917331033,0.9941690760749288
Schaefer200,original,CMRglu,treat*session,True,7,106,0.3567743884644788,1.3686766741860135,0.24203937954305738,0.9562060546784221
Schaefer200,original,SV2A,treat,True,7,106,-0.28777001354724024,1.7182673866614853,0.18991622317535103,0.907219307614339
Schaefer200,original,SV2A,session,True,7,106,-0.28777001354724024,0.015628119887279128,0.900513671088897,0.9999999999951421
Schaefer200,original,SV2A,treat*session,True,7,106,-0.28777001354724024,0.7534058013425773,0.38540007156597034,0.9958926018458407
Schaefer200,original,HDAC,treat,True,7,106,0.13698773029754854,2.84618955658688,0.09159078331621778,0.6618814273547362
Schaefer200,original,HDAC,session,True,7,106,0.13698773029754854,0.9193451874563109,0.3376469634083714,0.9904412018760906
Schaefer200,original,HDAC,treat*session,True,7,106,0.13698773029754854,0.21008093390262558,0.6467039762482408,0.999992070415586
Schaefer200,original,VMAT2,treat,True,7,106,-0.5586735152554548,0.00020527619089697697,0.9885687297153145,1.0
Schaefer200,original,VMAT2,session,True,7,106,-0.5586735152554548,0.021673189120636725,0.8829598204986288,0.9999999999695858
Schaefer200,original,VMAT2,treat*session,True,7,106,-0.5586735152554548,3.5278643437419315,0.06034547043770149,0.5047131351757008
Schaefer200,original,mGluR5,treat,True,7,106,-0.5148522076366787,0.8033965166804962,0.3700798031144751,0.9945765828561605
Schaefer200,original,mGluR5,session,True,7,106,-0.5148522076366787,2.245782301824908,0.13397913528945155,0.802848197899573
Schaefer200,original,mGluR5,treat*session,True,7,106,-0.5148522076366787,2.863768233709828,0.0905950411331685,0.6576740296464137
Schaefer200,original,NMDA,treat,True,7,106,-0.23854237312784674,0.6131090394462889,0.4336195975887177,0.9983669135022164
Schaefer200,original,NMDA,session,True,7,106,-0.23854237312784674,0.021600515493864065,0.8831548012017871,0.9999999999701529
Schaefer200,original,NMDA,treat*session,True,7,106,-0.23854237312784674,0.5285157795049418,0.4672315257931654,0.9991813802830285
Schaefer200,original,GABAa,treat,True,7,106,-0.04718815307566001,1.636437467573926,0.20081496335783136,0.9203743294524374
Schaefer200,original,GABAa,session,True,7,106,-0.04718815307566001,0.46203821715855825,0.49667294716738386,0.9995690829703376
Schaefer200,original,GABAa,treat*session,True,7,106,-0.04718815307566001,0.02068340686089775,0.8856447659556252,0.9999999999765953
Schaefer200,original,GABAa5,treat,True,7,106,-0.4546658684106978,0.08045044695198099,0.7766879047458259,0.9999999552987127
Schaefer200,original,GABAa5,session,True,7,106,-0.4546658684106978,0.7407172894921383,0.3894312015714604,0.9961866561884147
Schaefer200,original,GABAa5,treat*session,True,7,106,-0.4546658684106978,2.0912442447019646,0.14814537082331997,0.836339420137272
Schaefer200,original,NET,treat,True,7,106,-0.8356121973966841,4.583684609515474,0.032277736876239374,0.30952197783059765
Schaefer200,original,NET,session,True,7,106,-0.8356121973966841,0.6490691204995994,0.42044568995811027,0.9978829390217957
Schaefer200,original,NET,treat*session,True,7,106,-0.8356121973966841,11.20753132627026,0.0008146602315749406,0.009157695140244893
Schaefer200,original,A4B2,treat,True,7,106,0.007273581677663204,3.769450471495864,0.05219677872271584,0.45400631673350866
Schaefer200,original,A4B2,session,True,7,106,0.007273581677663204,4.649239750490913,0.031067303875236145,0.29970980900014865
Schaefer200,original,A4B2,treat*session,True,7,106,0.007273581677663204,0.0006772257633491379,0.9792385452973852,1.0
Schaefer200,original,M1,treat,True,7,106,-0.23699808636834238,2.7920384538121716,0.09473364962957122,0.6748540276490884
Schaefer200,original,M1,session,True,7,106,-0.23699808636834238,0.2422478405208207,0.6225872990520711,0.9999832900992106
Schaefer200,original,M1,treat*session,True,7,106,-0.23699808636834238,0.46516099225710583,0.4952218024671863,0.9995548487468012
Schaefer200,original,VAChT,treat,True,7,106,-0.6892663659388651,0.8508833973034277,0.3563025490487466,0.9930762583325136
Schaefer200,original,VAChT,session,True,7,106,-0.6892663659388651,2.8000045409883128,0.09426403986750433,0.6729449338396445
Schaefer200,original,VAChT,treat*session,True,7,106,-0.6892663659388651,6.2479048138695665,0.012434029601855377,0.13171830979915555
Schaefer200,original,FDOPA,treat,True,7,106,-0.5042876568926772,0.03786374342324026,0.8457169995082704,0.9999999993121664
Schaefer200,original,FDOPA,session,True,7,106,-0.5042876568926772,0.17495181110713728,0.6757479574536693,0.9999969891241695
Schaefer200,original,FDOPA,treat*session,True,7,106,-0.5042876568926772,2.464838520888988,0.11641966641093718,0.7527087887023067
Schaefer200,original,D1,treat,True,7,106,-0.42780919708865495,0.30906388247450844,0.578255193295519,0.9999414609706352
Schaefer200,original,D1,session,True,7,106,-0.42780919708865495,5.801706335959457e-06,0.9980781587411752,1.0
Schaefer200,original,D1,treat*session,True,7,106,-0.42780919708865495,1.8689548861553225,0.17159482569699697,0.8805738400593727
Schaefer200,original,D23,treat,True,7,106,-0.880352644700117,0.17082776376349343,0.6793771932623967,0.9999973483750141
Schaefer200,original,D23,session,True,7,106,-0.880352644700117,2.501436602691523,0.11374249969318691,0.7441177294450103
Schaefer200,original,D23,treat*session,True,7,106,-0.880352644700117,7.873852561976364,0.005015468557447039,0.0551778926183234
Schaefer200,original,DAT,treat,True,7,106,-0.8283429335315531,0.634809500268195,0.42559662617711314,0.998085890360628
Schaefer200,original,DAT,session,True,7,106,-0.8283429335315531,0.6942336775083915,0.4047280723383261,0.9971363642828466
Schaefer200,original,DAT,treat*session,True,7,106,-0.8283429335315531,9.876673672565436,0.0016738726786054204,0.018733332786483148
Schaefer200,original,5HT1a,treat,True,7,106,-0.7739488320014015,0.5091595431067568,0.4755029099352551,0.9993139224210403
Schaefer200,original,5HT1a,session,True,7,106,-0.7739488320014015,2.6102531576684527,0.10617481165592811,0.7183406672716564
Schaefer200,original,5HT1a,treat*session,True,7,106,-0.7739488320014015,6.000566562708973,0.01430128510998355,0.1500713178974079
Schaefer200,original,5HT1b,treat,True,7,106,0.23058656664158658,3.1838671734659525,0.07436852807574706,0.582032002032004
Schaefer200,original,5HT1b,session,True,7,106,0.23058656664158658,0.6084827561009156,0.43535965183209013,0.9984226628947239
Schaefer200,original,5HT1b,treat*session,True,7,106,0.23058656664158658,0.5404578775487086,0.4622430290920415,0.9990905643415222
Schaefer200,original,5HT2a,treat,True,7,106,-0.3179939067465248,0.37782370091232104,0.5387702621860615,0.9998392338815134
Schaefer200,original,5HT2a,session,True,7,106,-0.3179939067465248,0.2587290376096245,0.6109946704417628,0.9999764878999471
Schaefer200,original,5HT2a,treat*session,True,7,106,-0.3179939067465248,0.8543891319109594,0.3553136316800407,0.9929552311392296
Schaefer200,original,5HT4,treat,True,7,106,-0.6879310451432927,0.24192014820701993,0.6228227093409937,0.9999834073777795
Schaefer200,original,5HT4,session,True,7,106,-0.6879310451432927,1.9867544605941745,0.15868064312130625,0.8577883372952012
Schaefer200,original,5HT4,treat*session,True,7,106,-0.6879310451432927,4.150114191391994,0.04163171622743347,0.381225528231391
Schaefer200,original,5HT6,treat,True,7,106,-0.40639945966706575,2.6405306888845796,0.10416874225784184,0.7111218445487166
Schaefer200,original,5HT6,session,True,7,106,-0.40639945966706575,1.264514372461575,0.2607983080984496,0.9669968336845768
Schaefer200,original,5HT6,treat*session,True,7,106,-0.40639945966706575,1.367673240852098,0.24221205569932408,0.9563185462034319
Schaefer200,original,5HTT,treat,True,7,106,-0.987719088981904,1.8139383560944446,0.17803650829922985,0.8906474283986824
Schaefer200,original,5HTT,session,True,7,106,-0.987719088981904,0.7174282557192405,0.3969887856989628,0.9966868199674199
Schaefer200,original,5HTT,treat*session,True,7,106,-0.987719088981904,15.79926280878234,7.042994424833012e-05,0.0007947470170839299
Schaefer200,original,MOR,treat,True,7,106,-0.441423910363268,0.8977084621197767,0.34339690065810957,0.9913371869900008
Schaefer200,original,MOR,session,True,7,106,-0.441423910363268,1.99042398126307,0.1582965554481252,0.8570537324775587
Schaefer200,original,MOR,treat*session,True,7,106,-0.441423910363268,1.8919990320456248,0.16897662288026413,0.8762431073686937
Schaefer200,original,KOR,treat,True,7,106,-0.6430624500724443,0.0015453920804279343,0.9686420578227444,1.0
Schaefer200,original,KOR,session,True,7,106,-0.6430624500724443,7.648963595856075,0.005680494704400413,0.06228198588623601
Schaefer200,original,KOR,treat*session,True,7,106,-0.6430624500724443,4.273624573037783,0.038708279376614446,0.35958098993127785
Schaefer200,original,CB1,treat,True,7,106,-0.16124710780699042,0.22268394872996447,0.6370024498152648,0.9999892339409093
Schaefer200,original,CB1,session,True,7,106,-0.16124710780699042,0.38088251595428274,0.5371313068199922,0.999832665979802
Schaefer200,original,CB1,treat*session,True,7,106,-0.16124710780699042,0.26844581619081803,0.6043762422989292,0.9999715554711852
Schaefer200,inverted,CMRglu,treat,True,7,106,-0.9748284089525406,0.028980264627390253,0.8648246127606696,0.9999999943104376
Schaefer200,inverted,CMRglu,session,True,7,106,-0.9748284089525406,0.8004076732364105,0.370971509879235,0.9876960679653873
Schaefer200,inverted,CMRglu,treat*session,True,7,106,-0.9748284089525406,13.300503005601243,0.00026533492378143903,0.00251432293158671
Schaefer200,inverted,SV2A,treat,True,7,106,-0.7708313923342971,2.662095949207377,0.10276523888446708,0.6425347743810549
Schaefer200,inverted,SV2A,session,True,7,106,-0.7708313923342971,0.14670946443224925,0.7016999560823325,0.9999896201991195
Schaefer200,inverted,SV2A,treat*session,True,7,106,-0.7708313923342971,9.176221604638291,0.0024517966135996485,0.023018967222287468
Schaefer200,inverted,HDAC,treat,True,7,106,-0.7721404236561291,0.24091338578372,0.6235471964163147,0.9999056179463452
Schaefer200,inverted,HDAC,session,True,7,106,-0.7721404236561291,1.722025061235573,0.18943258369580007,0.8636330423281733
Schaefer200,inverted,HDAC,treat*session,True,7,106,-0.7721404236561291,9.052848027298802,0.002622859317890401,0.024607174358203365
Schaefer200,inverted,VMAT2,treat,True,7,106,-0.475797301311618,0.41262126056303683,0.5206420465357582,0.9990656408744488
Schaefer200,inverted,VMAT2,session,True,7,106,-0.475797301311618,0.18964863925141823,0.6632092129936449,0.9999671750635141
Schaefer200,inverted,VMAT2,treat*session,True,7,106,-0.475797301311618,2.971508537112961,0.0847427971696152,0.5683108682964297
Schaefer200,inverted,mGluR5,treat,True,7,106,-0.6648436570857359,2.5755052673479693,0.10852944294466464,0.6637365387363068
Schaefer200,inverted,mGluR5,session,True,7,106,-0.6648436570857359,0.0299883366851681,0.8625166968791215,0.9999999933192023
Schaefer200,inverted,mGluR5,treat*session,True,7,106,-0.6648436570857359,6.3797744039931406,0.011542810259625612,0.10429142746618747
Schaefer200,inverted,NMDA,treat,True,7,106,-0.636030838960016,0.360634880292892,0.5481538505218926,0.9994666698124042
Schaefer200,inverted,NMDA,session,True,7,106,-0.636030838960016,0.8865882581903624,0.3464035352093905,0.9823031137017355
Schaefer200,inverted,NMDA,treat*session,True,7,106,-0.636030838960016,4.975966659863587,0.025701837142177848,0.21887022324923433
Schaefer200,inverted,GABAa,treat,True,7,106,-0.735780809960191,1.9957719427136753,0.1577386782064644,0.8037832625916194
Schaefer200,inverted,GABAa,session,True,7,106,-0.735780809960191,0.02894148253406314,0.8649142207505227,0.9999999943461174
Schaefer200,inverted,GABAa,treat*session,True,7,106,-0.735780809960191,8.664391048391426,0.003244884210322275,0.03036282500041121
Schaefer200,inverted,GABAa5,treat,True,7,106,-0.4527232887691396,0.6857651917143512,0.407608541946883,0.9930368493214176
Schaefer200,inverted,GABAa5,session,True,7,106,-0.4527232887691396,0.07467416312798131,0.7846489510751291,0.9999995281980614
Schaefer200,inverted,GABAa5,treat*session,True,7,106,-0.4527232887691396,2.5704735896512196,0.10887513275603994,0.664971519831355
Schaefer200,inverted,NET,treat,True,7,106,0.36611793374377144,0.8912322467022185,0.345143599097709,0.9819768217980561
Schaefer200,inverted,NET,session,True,7,106,0.36611793374377144,1.0497702716198027,0.30556000129627847,0.9685489765229102
Schaefer200,inverted,NET,treat*session,True,7,106,0.36611793374377144,1.4585825750548496,0.2271557825772129,0.9132317110286267
Schaefer200,inverted,A4B2,treat,True,7,106,-0.9504955358643712,0.6120537686229907,0.43401557625822607,0.995482188695043
Schaefer200,inverted,A4B2,session,True,7,106,-0.9504955358643712,0.6393518088336314,0.42394561406233533,0.9946594391352298
Schaefer200,inverted,A4B2,treat*session,True,7,106,-0.9504955358643712,12.512607048850036,0.0004042151701759087,0.0038281008900942215
Schaefer200,inverted,M1,treat,True,7,106,-0.8612394361017408,4.203557763673513,0.040339263234193075,0.32336247357087544
Schaefer200,inverted,M1,session,True,7,106,-0.8612394361017408,0.2860171050883095,0.5927842416146747,0.9998011528430841
Schaefer200,inverted,M1,treat*session,True,7,106,-0.8612394361017408,11.319945047338456,0.0007667898251759207,0.007250688117133586
Schaefer200,inverted,VAChT,treat,True,7,106,0.4857750209688912,0.6478406357603796,0.4208857681420629,0.9943841769179373
Schaefer200,inverted,VAChT,session,True,7,106,0.4857750209688912,0.02691121520128367,0.8696946314036291,0.999999995982969
Schaefer200,inverted,VAChT,treat*session,True,7,106,0.4857750209688912,2.898059801602235,0.08868624008274077,0.5856366108019577
Schaefer200,inverted,FDOPA,treat,True,7,106,-0.3530678755298473,0.09905394255625202,0.7529679071741193,0.9999982652849451
Schaefer200,inverted,FDOPA,session,True,7,106,-0.3530678755298473,0.44723943709280334,0.5036488252872371,0.9986997126012219
Schaefer200,inverted,FDOPA,treat*session,True,7,106,-0.3530678755298473,1.2971650936923993,0.25473170184500626,0.9385294247436234
Schaefer200,inverted,D1,treat,True,7,106,-0.4952146596578323,1.2694927865284098,0.2598618543614204,0.9424283763199359
Schaefer200,inverted,D1,session,True,7,106,-0.4952146596578323,0.12065011231083488,0.728330457221079,0.9999957252439162
Schaefer200,inverted,D1,treat*session,True,7,106,-0.4952146596578323,3.5184601471105976,0.06068880791214044,0.4478569401504745
Schaefer200,inverted,D23,treat,True,7,106,-0.19425619278724962,2.398214862918509,0.12147379740230473,0.7073035863242264
Schaefer200,inverted,D23,session,True,7,106,-0.19425619278724962,0.17752504451500326,0.6735088624704311,0.9999755522147047
Schaefer200,inverted,D23,treat*session,True,7,106,-0.19425619278724962,0.3879633455115504,0.5333719011113864,0.9992761922742635
Schaefer200,inverted,DAT,treat,True,7,106,-0.009739772158516393,0.605614960652609,0.4364436483609785,0.995662742907964
Schaefer200,inverted,DAT,session,True,7,106,-0.009739772158516393,2.4424688136962964,0.11809023706127861,0.69643282498863
Schaefer200,inverted,DAT,treat*session,True,7,106,-0.009739772158516393,0.0010808836821711257,0.9737728373011559,0.999999999999999
Schaefer200,inverted,5HT1a,treat,True,7,106,-0.16788292631671808,0.7852893376829435,0.37552833804524455,0.9885161139782368
Schaefer200,inverted,5HT1a,session,True,7,106,-0.16788292631671808,0.557170968903045,0.4554023532170759,0.9968650717611798
Schaefer200,inverted,5HT1a,treat*session,True,7,106,-0.16788292631671808,0.28592385699844436,0.592844538059744,0.9998014319876822
Schaefer200,inverted,5HT1b,treat,True,7,106,-1.1344806380480326,0.11948099184910849,0.7295980787569751,0.9999959107643621
Schaefer200,inverted,5HT1b,session,True,7,106,-1.1344806380480326,0.417879298809055,0.5179971341476216,0.9990155717746623
Schaefer200,inverted,5HT1b,treat*session,True,7,106,-1.1344806380480326,16.453817840096328,4.9849689636142006e-05,0.00047280946538252877
Schaefer200,inverted,5HT2a,treat,True,7,106,-0.8902865238932123,5.630226484661483,0.017653350454853924,0.15546411226186507
Schaefer200,inverted,5HT2a,session,True,7,106,-0.8902865238932123,0.00927151183905719,0.9232912933504229,0.9999999999736461
Schaefer200,inverted,5HT2a,treat*session,True,7,106,-0.8902865238932123,14.416513125010725,0.00014651191768321354,0.0013890520955632812
Schaefer200,inverted,5HT4,treat,True,7,106,-0.4728481086325214,4.658507598051393,0.03090003835191586,0.2575235996423777
Schaefer200,inverted,5HT4,session,True,7,106,-0.4728481086325214,1.1420953722168745,0.28520999986248474,0.958634945968512
Schaefer200,inverted,5HT4,treat*session,True,7,106,-0.4728481086325214,3.0059042708630708,0.08296167217247025,0.5602751109501778
Schaefer200,inverted,5HT6,treat,True,7,106,-0.8148371362382172,5.546973555144719,0.01851266980048672,0.16244662855508696
Schaefer200,inverted,5HT6,session,True,7,106,-0.8148371362382172,0.006393782475538705,0.9362681698886012,0.9999999999954576
Schaefer200,inverted,5HT6,treat*session,True,7,106,-0.8148371362382172,11.380325300699738,0.0007422611706867898,0.007019477769308002
Schaefer200,inverted,5HTT,treat,True,7,106,0.0806352491470161,2.943237944162497,0.08623770279174559,0.5749536374613015
Schaefer200,inverted,5HTT,session,True,7,106,0.0806352491470161,0.5524905828537862,0.45730182532399977,0.9969672788757611
Schaefer200,inverted,5HTT,treat*session,True,7,106,0.0806352491470161,0.07745537081976406,0.7807758969584733,0.9999994412734897
Schaefer200,inverted,MOR,treat,True,7,106,-0.49329639549217047,2.7702915920841518,0.09602866664871082,0.6162467967760878
Schaefer200,inverted,MOR,session,True,7,106,-0.49329639549217047,0.01191180979173605,0.9130904671859056,0.9999999999138527
Schaefer200,inverted,MOR,treat*session,True,7,106,-0.49329639549217047,3.110205457098067,0.07780314536984582,0.5362412835722792
Schaefer200,inverted,KOR,treat,True,7,106,0.1757682434663623,0.05960397392026318,0.8071229741294463,0.999999834169556
Schaefer200,inverted,KOR,session,True,7,106,0.1757682434663623,0.016214143240305772,0.8986754430773221,0.999999999630593
Schaefer200,inverted,KOR,treat*session,True,7,106,0.1757682434663623,0.3100689320373828,0.5776378889739968,0.9997188214717684
Schaefer200,inverted,CB1,treat,True,7,106,-0.15784864375009738,4.2868097015875515,0.038409173136153295,0.3103415828670194
Schaefer200,inverted,CB1,session,True,7,106,-0.15784864375009738,1.3583849992703438,0.2438175714914363,0.9294388376468797
Schaefer200,inverted,CB1,treat*session,True,7,106,-0.15784864375009738,0.26960271100963323,0.6035984016380767,0.9998459621141165
Schaefer200Subcortical,original,CMRglu,treat,True,7,106,0.4739545025011672,0.4807812825050174,0.4880686407415955,0.9995866151539826
Schaefer200Subcortical,original,CMRglu,session,True,7,106,0.4739545025011672,0.3231975097765046,0.5696923654512702,0.9999452213592435
Schaefer200Subcortical,original,CMRglu,treat*session,True,7,106,0.4739545025011672,2.3017919436411605,0.12922483870953816,0.8001336252517788
Schaefer200Subcortical,original,SV2A,treat,True,7,106,-0.13573647537992165,0.5706810499460715,0.44998841214585017,0.9990473418284618
Schaefer200Subcortical,original,SV2A,session,True,7,106,-0.13573647537992165,0.0021896901277508075,0.9626773115344454,1.0
Schaefer200Subcortical,original,SV2A,treat*session,True,7,106,-0.13573647537992165,0.1580316359195278,0.6909752449959674,0.9999988372040775
Schaefer200Subcortical,original,HDAC,treat,True,7,106,0.3599477612663623,0.7829891480009444,0.3762285082907074,0.9958800344292686
Schaefer200Subcortical,original,HDAC,session,True,7,106,0.3599477612663623,0.7033262491810823,0.40166827841049657,0.9974621147149682
Schaefer200Subcortical,original,HDAC,treat*session,True,7,106,0.3599477612663623,1.3964580218308356,0.23731751456286274,0.9572497441153418
Schaefer200Subcortical,original,VMAT2,treat,True,7,106,-0.4309503569361997,0.6794674324032757,0.409770172175454,0.9978344111381641
Schaefer200Subcortical,original,VMAT2,session,True,7,106,-0.4309503569361997,0.03129018946429216,0.8595945330179334,0.9999999998800878
Schaefer200Subcortical,original,VMAT2,treat*session,True,7,106,-0.4309503569361997,2.5909563642320212,0.10747542323394138,0.7336756819736683
Schaefer200Subcortical,original,mGluR5,treat,True,7,106,-0.4274376994626533,0.13556638722177303,0.7127290237351526,0.9999995026971017
Schaefer200Subcortical,original,mGluR5,session,True,7,106,-0.4274376994626533,4.111016601555822,0.04260474548942573,0.3974738978982133
Schaefer200Subcortical,original,mGluR5,treat*session,True,7,106,-0.4274376994626533,2.1005013192535475,0.14725085217547368,0.8433145447947012
Schaefer200Subcortical,original,NMDA,treat,True,7,106,-0.26071975536322717,1.972231972338105,0.16021114987022855,0.8688903435380009
Schaefer200Subcortical,original,NMDA,session,True,7,106,-0.26071975536322717,0.0693566027278677,0.7922758788574079,0.9999999885659514
Schaefer200Subcortical,original,NMDA,treat*session,True,7,106,-0.26071975536322717,0.7444022045294965,0.388254333978747,0.9967151567399326
Schaefer200Subcortical,original,GABAa,treat,True,7,106,0.07556740423124894,0.1442706573392017,0.7040717791990199,0.9999992974707541
Schaefer200Subcortical,original,GABAa,session,True,7,106,0.07556740423124894,0.012511416039411711,0.9109388204036578,0.9999999999993996
Schaefer200Subcortical,original,GABAa,treat*session,True,7,106,0.07556740423124894,0.05553435278279263,0.8136986232860944,0.9999999967778123
Schaefer200Subcortical,original,GABAa5,treat,True,7,106,-0.44606803147913315,0.0031139082438344716,0.9554992201601714,0.9999999999999998
Schaefer200Subcortical,original,GABAa5,session,True,7,106,-0.44606803147913315,0.303425855529223,0.5817426454420905,0.9999606382524852
Schaefer200Subcortical,original,GABAa5,treat*session,True,7,106,-0.44606803147913315,1.8460642936138503,0.17424183501253765,0.8922318111264799
Schaefer200Subcortical,original,NET,treat,True,7,106,-0.8726694659255871,1.2875962621735473,0.25649140189474073,0.968211564677238
Schaefer200Subcortical,original,NET,session,True,7,106,-0.8726694659255871,0.27251882892046175,0.6016471036034668,0.999977681110008
Schaefer200Subcortical,original,NET,treat*session,True,7,106,-0.8726694659255871,10.82893546554863,0.0009992607299376159,0.011565919722487883
Schaefer200Subcortical,original,A4B2,treat,True,7,106,-0.2803634542544266,6.854591198559745,0.00884137832366643,0.09817679642523558
Schaefer200Subcortical,original,A4B2,session,True,7,106,-0.2803634542544266,3.0372483894503146,0.08137374263898152,0.6275401119597087
Schaefer200Subcortical,original,A4B2,treat*session,True,7,106,-0.2803634542544266,0.9192087754366051,0.33768280778669657,0.9917224104374597
Schaefer200Subcortical,original,M1,treat,True,7,106,-0.2793824464891533,3.510320471998913,0.06098765740551767,0.5191604996575108
Schaefer200Subcortical,original,M1,session,True,7,106,-0.2793824464891533,0.39830159891104366,0.5279676878641741,0.9998391956367317
Schaefer200Subcortical,original,M1,treat*session,True,7,106,-0.2793824464891533,0.6612589638710299,0.4161158332624081,0.9980903630931521
Schaefer200Subcortical,original,VAChT,treat,True,7,106,-0.6633947144538762,0.20145549409750213,0.6535485692688419,0.999995602296368
Schaefer200Subcortical,original,VAChT,session,True,7,106,-0.6633947144538762,1.9812313283056981,0.15926074898356546,0.8671533635167363
Schaefer200Subcortical,original,VAChT,treat*session,True,7,106,-0.6633947144538762,7.134877192398531,0.0075598820241356895,0.08451550200668101
Schaefer200Subcortical,original,FDOPA,treat,True,7,106,-0.3120095261334419,0.30672764940947256,0.5796952069962431,0.9999583368853538
Schaefer200Subcortical,original,FDOPA,session,True,7,106,-0.3120095261334419,0.053828458327618116,0.8165305510870481,0.9999999973038514
Schaefer200Subcortical,original,FDOPA,treat*session,True,7,106,-0.3120095261334419,1.2165683461456833,0.2700351683039147,0.9743335537073021
Schaefer200Subcortical,original,D1,treat,True,7,106,-0.30901187075325476,0.04357345558615283,0.8346492152962345,0.9999999991959444
Schaefer200Subcortical,original,D1,session,True,7,106,-0.30901187075325476,0.013192325052771358,0.9085577970005116,0.9999999999991839
Schaefer200Subcortical,original,D1,treat*session,True,7,106,-0.30901187075325476,1.1035931733371647,0.2934789031134408,0.9824449185682547
Schaefer200Subcortical,original,D23,treat,True,7,106,-0.6040795161497756,2.311046226975432,0.12845756176723522,0.7980747506259807
Schaefer200Subcortical,original,D23,session,True,7,106,-0.6040795161497756,0.8251463445860728,0.36367977948057584,0.9948054453110282
Schaefer200Subcortical,original,D23,treat*session,True,7,106,-0.6040795161497756,4.484855840510412,0.03419643037930785,0.33294072849480827
Schaefer200Subcortical,original,DAT,treat,True,7,106,-0.6336945340138543,0.3972805561798768,0.5284970432642565,0.9998412815341654
Schaefer200Subcortical,original,DAT,session,True,7,106,-0.6336945340138543,0.06425253922021229,0.799896660741726,0.9999999925985686
Schaefer200Subcortical,original,DAT,treat*session,True,7,106,-0.6336945340138543,6.855128273379756,0.008838721078082078,0.09814866290352287
Schaefer200Subcortical,original,5HT1a,treat,True,7,106,-0.7143479316219118,0.15775357909413606,0.6912332195261537,0.999998848449295
Schaefer200Subcortical,original,5HT1a,session,True,7,106,-0.7143479316219118,2.472732880555745,0.11583636110917706,0.7613025269281029
Schaefer200Subcortical,original,5HT1a,treat*session,True,7,106,-0.7143479316219118,5.123887068191149,0.02359869919071004,0.2426192035393715
Schaefer200Subcortical,original,5HT1b,treat,True,7,106,0.40661301347139595,1.195960991750853,0.27413044287446237,0.975959993075804
Schaefer200Subcortical,original,5HT1b,session,True,7,106,0.40661301347139595,0.3007736925773696,0.583397791125581,0.9999624130770389
Schaefer200Subcortical,original,5HT1b,treat*session,True,7,106,0.40661301347139595,1.5962076535372107,0.2064414705537754,0.9321594492197722
Schaefer200Subcortical,original,5HT2a,treat,True,7,106,-0.18665479843202298,0.000406954551702012,0.9839052749807293,1.0
Schaefer200Subcortical,original,5HT2a,session,True,7,106,-0.18665479843202298,0.6762474357672653,0.41088190882306874,0.9978814026051924
Schaefer200Subcortical,original,5HT2a,treat*session,True,7,106,-0.18665479843202298,0.2918379476367722,0.5890451305461695,0.999967932549359
Schaefer200Subcortical,original,5HT4,treat,True,7,106,-0.44196854930695917,0.7899356948057084,0.3741195706833427,0.9957150044120577
Schaefer200Subcortical,original,5HT4,session,True,7,106,-0.44196854930695917,0.9196216844385644,0.3375743251843003,0.9917066203601432
Schaefer200Subcortical,original,5HT4,treat*session,True,7,106,-0.44196854930695917,1.938611670351254,0.16381935607902554,0.8752974840828205
Schaefer200Subcortical,original,5HT6,treat,True,7,106,-0.3062973474993679,3.505169189369174,0.061177596583214706,0.5202910352449602
Schaefer200Subcortical,original,5HT6,session,True,7,106,-0.3062973474993679,1.0717883220408313,0.3005418553474408,0.9843818426587057
Schaefer200Subcortical,original,5HT6,treat*session,True,7,106,-0.3062973474993679,0.8671866266294537,0.35173534853726107,0.9935504597262765
Schaefer200Subcortical,original,5HTT,treat,True,7,106,-0.7932147551563756,0.25313155874777055,0.6148786314405942,0.9999849350888862
Schaefer200Subcortical,original,5HTT,session,True,7,106,-0.7932147551563756,0.4526717707294792,0.5010688962796697,0.9996935456998577
Schaefer200Subcortical,original,5HTT,treat*session,True,7,106,-0.7932147551563756,12.530677236364612,0.0004003246848722917,0.004648319333504292
Schaefer200Subcortical,original,MOR,treat,True,7,106,-0.40013544624733455,1.6755861467186177,0.19551198368170908,0.9204546050883144
Schaefer200Subcortical,original,MOR,session,True,7,106,-0.40013544624733455,1.1428376296436502,0.28505351964386305,0.9798483693434796
Schaefer200Subcortical,original,MOR,treat*session,True,7,106,-0.40013544624733455,1.598764978650948,0.20607831909636,0.9317973201730406
Schaefer200Subcortical,original,KOR,treat,True,7,106,-0.6448028824530216,0.06758110208768674,0.7948918088056821,0.9999999901336679
Schaefer200Subcortical,original,KOR,session,True,7,106,-0.6448028824530216,8.735673588686094,0.0031204402084031445,0.0357132477408002
Schaefer200Subcortical,original,KOR,treat*session,True,7,106,-0.6448028824530216,4.299132380150744,0.03813182164303007,0.36389223641328095
Schaefer200Subcortical,original,CB1,treat,True,7,106,-0.05073079373703463,0.00184731905846546,0.965717118310578,1.0
Schaefer200Subcortical,original,CB1,session,True,7,106,-0.05073079373703463,0.13925158536263535,0.7090261740953152,0.9999994227777231
Schaefer200Subcortical,original,CB1,treat*session,True,7,106,-0.05073079373703463,0.027207598816988202,0.8689854931678747,0.999999999946417
Schaefer200Subcortical,inverted,CMRglu,treat,True,7,106,-0.9111757523762266,0.006708746959073044,0.9347207149891722,0.9999999999987073
Schaefer200Subcortical,inverted,CMRglu,session,True,7,106,-0.9111757523762266,0.03478719019201159,0.8520422938633296,0.9999999952575037
Schaefer200Subcortical,inverted,CMRglu,treat*session,True,7,106,-0.9111757523762266,11.028206341307813,0.0008973593192834732,0.008964642283535329
Schaefer200Subcortical,inverted,SV2A,treat,True,7,106,-0.6543452797005436,0.5997078173748207,0.4386895287054904,0.9969495452940059
Schaefer200Subcortical,inverted,SV2A,session,True,7,106,-0.6543452797005436,0.4229011281440975,0.5154929761025915,0.999302763045768
Schaefer200Subcortical,inverted,SV2A,treat*session,True,7,106,-0.6543452797005436,6.08962278854328,0.013597811414908383,0.12831714614668022
Schaefer200Subcortical,inverted,HDAC,treat,True,7,106,-0.568322370650814,0.10068789805881995,0.7510056860032291,0.999999122118681
Schaefer200Subcortical,inverted,HDAC,session,True,7,106,-0.568322370650814,0.04891750223072482,0.824957720466752,0.999999974396904
Schaefer200Subcortical,inverted,HDAC,treat*session,True,7,106,-0.568322370650814,6.234191106339728,0.012530681643578892,0.11881176062650078
Schaefer200Subcortical,inverted,VMAT2,treat,True,7,106,-0.3349640017392571,1.007081625347546,0.3156030077972363,0.9777132731386559
Schaefer200Subcortical,inverted,VMAT2,session,True,7,106,-0.3349640017392571,0.26774139691302035,0.604850902037535,0.9999097841319878
Schaefer200Subcortical,inverted,VMAT2,treat*session,True,7,106,-0.3349640017392571,1.4677212047832724,0.225705580681484,0.9231462343935598
Schaefer200Subcortical,inverted,mGluR5,treat,True,7,106,-0.5203555052020372,0.9642842132073183,0.32610982856725357,0.9809168004167481
Schaefer200Subcortical,inverted,mGluR5,session,True,7,106,-0.5203555052020372,1.236844261777528,0.2660801094236896,0.9550862352688974
Schaefer200Subcortical,inverted,mGluR5,treat*session,True,7,106,-0.5203555052020372,3.5959130374235184,0.05792180288077266,0.45036122024092295
Schaefer200Subcortical,inverted,NMDA,treat,True,7,106,-0.5243643903488977,0.4723626605214227,0.4919022375886555,0.9988767313666836
Schaefer200Subcortical,inverted,NMDA,session,True,7,106,-0.5243643903488977,0.6389886123489187,0.4240772727125851,0.9960525512015601
Schaefer200Subcortical,inverted,NMDA,treat*session,True,7,106,-0.5243643903488977,3.3778816385347383,0.06607693248565362,0.49626348337387916
Schaefer200Subcortical,inverted,GABAa,treat,True,7,106,-0.5413399593023581,1.4684458920174872e-05,0.996942489388989,1.0
Schaefer200Subcortical,inverted,GABAa,session,True,7,106,-0.5413399593023581,0.40088517587676903,0.5266324689664482,0.999447852037292
Schaefer200Subcortical,inverted,GABAa,treat*session,True,7,106,-0.5413399593023581,6.616608499194146,0.010103204653118475,0.09684068259853784
Schaefer200Subcortical,inverted,GABAa5,treat,True,7,106,-0.17688004312700628,0.06551123001421745,0.7979881974663092,0.9999998922213338
Schaefer200Subcortical,inverted,GABAa5,session,True,7,106,-0.17688004312700628,2.5156497984035866,0.11272116084061999,0.6986900739579138
Schaefer200Subcortical,inverted,GABAa5,treat*session,True,7,106,-0.17688004312700628,0.31266246856563973,0.5760509653880058,0.9998172979230043
Schaefer200Subcortical,inverted,NET,treat,True,7,106,0.24257169663021977,0.8261221196120729,0.3633962607491763,0.9892180793048776
Schaefer200Subcortical,inverted,NET,session,True,7,106,0.24257169663021977,1.7466811850107757,0.18629449818899002,0.8735451448664141
Schaefer200Subcortical,inverted,NET,treat*session,True,7,106,0.24257169663021977,0.6078615218244403,0.4355941229396628,0.9967765463775922
Schaefer200Subcortical,inverted,A4B2,treat,True,7,106,-0.8875646158110909,1.4979599324116661,0.22098552663956653,0.9183154704793532
Schaefer200Subcortical,inverted,A4B2,session,True,7,106,-0.8875646158110909,1.0819233555240326,0.29826768639731405,0.9713574145682706
Schaefer200Subcortical,inverted,A4B2,treat*session,True,7,106,-0.8875646158110909,10.562571908591297,0.0011540051915150083,0.011515200662106206
Schaefer200Subcortical,inverted,M1,treat,True,7,106,-0.6715846312340114,1.9699759752798722,0.16045041207627414,0.8269619449773625
Schaefer200Subcortical,inverted,M1,session,True,7,106,-0.6715846312340114,0.5439981794760421,0.46078045825405045,0.9979608165170395
Schaefer200Subcortical,inverted,M1,treat*session,True,7,106,-0.6715846312340114,6.22188657370333,0.012618059027822334,0.11959356162813939
Schaefer200Subcortical,inverted,VAChT,treat,True,7,106,0.5124061680665524,0.0006823823635730839,0.9791596711251374,1.0
Schaefer200Subcortical,inverted,VAChT,session,True,7,106,0.5124061680665524,0.05049461370218302,0.8222048334324799,0.9999999700587756
Schaefer200Subcortical,inverted,VAChT,treat*session,True,7,106,0.5124061680665524,3.434473053988401,0.06384895025452869,0.4840788508019549
Schaefer200Subcortical,inverted,FDOPA,treat,True,7,106,-0.21995107284493662,0.6097573604663971,0.43487918283691185,0.9967353546066077
Schaefer200Subcortical,inverted,FDOPA,session,True,7,106,-0.21995107284493662,0.5346668689329548,0.4646513921149661,0.9981029831006087
Schaefer200Subcortical,inverted,FDOPA,treat*session,True,7,106,-0.21995107284493662,0.5294518986346598,0.46683738384014617,0.9981792638975652
Schaefer200Subcortical,inverted,D1,treat,True,7,106,-0.4597391957185299,1.6987269331239332,0.1924545506766453,0.8828258435305234
Schaefer200Subcortical,inverted,D1,session,True,7,106,-0.4597391957185299,0.04578042284403751,0.8305754415077962,0.9999999815416264
Schaefer200Subcortical,inverted,D1,treat*session,True,7,106,-0.4597391957185299,3.086683410379435,0.07893554458268531,0.561662552167863
Schaefer200Subcortical,inverted,D23,treat,True,7,106,-0.12153893797030242,3.997279139068609,0.045573777343401976,0.37366835635718887
Schaefer200Subcortical,inverted,D23,session,True,7,106,-0.12153893797030242,0.001959579849336338,0.9646914629771147,0.9999999999999973
Schaefer200Subcortical,inverted,D23,treat*session,True,7,106,-0.12153893797030242,0.16721810173872179,0.6825960961378891,0.9999899795568976
Schaefer200Subcortical,inverted,DAT,treat,True,7,106,0.08894040923337027,0.015969984228852856,0.8994371462467503,0.9999999999013992
Schaefer200Subcortical,inverted,DAT,session,True,7,106,0.08894040923337027,3.6556876665756572,0.055878083616161575,0.4382832158187455
Schaefer200Subcortical,inverted,DAT,treat*session,True,7,106,0.08894040923337027,0.11210772657171562,0.7377571615666147,0.9999985233888657
Schaefer200Subcortical,inverted,5HT1a,treat,True,7,106,-0.10825450072088173,0.10120201555929205,0.7503919090203144,0.9999991001693449
Schaefer200Subcortical,inverted,5HT1a,session,True,7,106,-0.10825450072088173,2.0189200300955785,0.15534959616688673,0.8161225569232675
Schaefer200Subcortical,inverted,5HT1a,treat*session,True,7,106,-0.10825450072088173,0.10939677180377756,0.740831950294256,0.9999986881390928
Schaefer200Subcortical,inverted,5HT1b,treat,True,7,106,-0.9840688435430346,0.6783072489422163,0.4101702269255846,0.9949851491258854
Schaefer200Subcortical,inverted,5HT1b,session,True,7,106,-0.9840688435430346,0.1623659806234731,0.6869874922305745,0.9999912864276698
Schaefer200Subcortical,inverted,5HT1b,treat*session,True,7,106,-0.9840688435430346,14.866450221477708,0.00011539724213910286,0.0011568971843530784
Schaefer200Subcortical,inverted,5HT2a,treat,True,7,106,-0.7255627968164592,0.7970149184960705,0.3719873610644907,0.9905917741447797
Schaefer200Subcortical,inverted,5HT2a,session,True,7,106,-0.7255627968164592,1.530646061964862,0.21601550825620724,0.9129349812691926
Schaefer200Subcortical,inverted,5HT2a,treat*session,True,7,106,-0.7255627968164592,12.269613355509787,0.00046039364897885755,0.004608422585422711
Schaefer200Subcortical,inverted,5HT4,treat,True,7,106,-0.5496487293523188,4.2415213814148425,0.03944680339752602,0.3321485149164163
Schaefer200Subcortical,inverted,5HT4,session,True,7,106,-0.5496487293523188,1.3544594847340452,0.2445000141139292,0.9399348960556744
Schaefer200Subcortical,inverted,5HT4,treat*session,True,7,106,-0.5496487293523188,4.3470980024253985,0.03707206510904165,0.31540090400478105
Schaefer200Subcortical,inverted,5HT6,treat,True,7,106,-0.8475700713125376,3.174457695317265,0.07479803845688551,0.541506376893713
Schaefer200Subcortical,inverted,5HT6,session,True,7,106,-0.8475700713125376,0.3899628598349428,0.5323189248325999,0.9995108879873593
Schaefer200Subcortical,inverted,5HT6,treat*session,True,7,106,-0.8475700713125376,11.904076717050076,0.0005601122416015412,0.005604057415980024
Schaefer200Subcortical,inverted,5HTT,treat,True,7,106,0.2024545841260893,1.3100313403174497,0.25238898110379976,0.9459376147223915
Schaefer200Subcortical,inverted,5HTT,session,True,7,106,0.2024545841260893,0.8912519198505777,0.34513827488581894,0.9856822171393226
Schaefer200Subcortical,inverted,5HTT,treat*session,True,7,106,0.2024545841260893,0.47329101993865896,0.4914770288501076,0.9988672666901002
Schaefer200Subcortical,inverted,MOR,treat,True,7,106,-0.48999265686120796,3.880110645111057,0.048861337186952514,0.3949750692423305
Schaefer200Subcortical,inverted,MOR,session,True,7,106,-0.48999265686120796,0.00012367925562451469,0.991126814910898,1.0
Schaefer200Subcortical,inverted,MOR,treat*session,True,7,106,-0.48999265686120796,3.101366861719007,0.07822658874139968,0.5582665088849801
Schaefer200Subcortical,inverted,KOR,treat,True,7,106,0.14257567265893378,0.2279571493946851,0.6330427259227035,0.9999570616545679
Schaefer200Subcortical,inverted,KOR,session,True,7,106,0.14257567265893378,1.7675693603239073,0.18368317611120338,0.8694150901120716
Schaefer200Subcortical,inverted,KOR,treat*session,True,7,106,0.14257567265893378,0.18959910254607887,0.6632504905882162,0.9999818607431374
Schaefer200Subcortical,inverted,CB1,treat,True,7,106,-0.07545578954309339,2.387086306453665,0.12234146445890058,0.7299008163914986
Schaefer200Subcortical,inverted,CB1,session,True,7,106,-0.07545578954309339,4.80848236937129,0.02831997539147533,0.2503624471391356
Schaefer200Subcortical,inverted,CB1,treat*session,True,7,106,-0.07545578954309339,0.06407955161169081,0.8001604997748121,0.9999999032980622
