,hemi-L_div-Vis_lab-1,hemi-L_div-Vis_lab-2,hemi-L_div-Vis_lab-3,hemi-L_div-Vis_lab-4,hemi-L_div-Vis_lab-5,hemi-L_div-Vis_lab-6,hemi-L_div-Vis_lab-7,hemi-L_div-Vis_lab-8,hemi-L_div-Vis_lab-9,hemi-L_div-SomMot_lab-1,hemi-L_div-SomMot_lab-2,hemi-L_div-SomMot_lab-3,hemi-L_div-SomMot_lab-4,hemi-L_div-SomMot_lab-5,hemi-L_div-SomMot_lab-6,hemi-L_div-DorsAttn_lab-Post+1,hemi-L_div-DorsAttn_lab-Post+2,hemi-L_div-DorsAttn_lab-Post+3,hemi-L_div-DorsAttn_lab-Post+4,hemi-L_div-DorsAttn_lab-Post+5,hemi-L_div-DorsAttn_lab-Post+6,hemi-L_div-DorsAttn_lab-FEF+1,hemi-L_div-DorsAttn_lab-FEF+2,hemi-L_div-SalVentAttn_lab-ParOper+1,hemi-L_div-SalVentAttn_lab-FrOper+1,hemi-L_div-SalVentAttn_lab-FrOper+2,hemi-L_div-SalVentAttn_lab-PFCl+1,hemi-L_div-SalVentAttn_lab-Med+1,hemi-L_div-SalVentAttn_lab-Med+2,hemi-L_div-SalVentAttn_lab-Med+3,hemi-L_div-Limbic_lab-OFC+1,hemi-L_div-Limbic_lab-TempPole+1,hemi-L_div-Limbic_lab-TempPole+2,hemi-L_div-Cont_lab-Par+1,hemi-L_div-Cont_lab-PFCl+1,hemi-L_div-Cont_lab-pCun+1,hemi-L_div-Cont_lab-Cing+1,hemi-L_div-Default_lab-Temp+1,hemi-L_div-Default_lab-Temp+2,hemi-L_div-Default_lab-Temp+3,hemi-L_div-Default_lab-Temp+4,hemi-L_div-Default_lab-PFC+1,hemi-L_div-Default_lab-PFC+2,hemi-L_div-Default_lab-PFC+3,hemi-L_div-Default_lab-PFC+4,hemi-L_div-Default_lab-PFC+5,hemi-L_div-Default_lab-PFC+6,hemi-L_div-Default_lab-PFC+7,hemi-L_div-Default_lab-PCC+1,hemi-L_div-Default_lab-PCC+2,hemi-R_div-Vis_lab-1,hemi-R_div-Vis_lab-2,hemi-R_div-Vis_lab-3,hemi-R_div-Vis_lab-4,hemi-R_div-Vis_lab-5,hemi-R_div-Vis_lab-6,hemi-R_div-Vis_lab-7,hemi-R_div-Vis_lab-8,hemi-R_div-SomMot_lab-1,hemi-R_div-SomMot_lab-2,hemi-R_div-SomMot_lab-3,hemi-R_div-SomMot_lab-4,hemi-R_div-SomMot_lab-5,hemi-R_div-SomMot_lab-6,hemi-R_div-SomMot_lab-7,hemi-R_div-SomMot_lab-8,hemi-R_div-DorsAttn_lab-Post+1,hemi-R_div-DorsAttn_lab-Post+2,hemi-R_div-DorsAttn_lab-Post+3,hemi-R_div-DorsAttn_lab-Post+4,hemi-R_div-DorsAttn_lab-Post+5,hemi-R_div-DorsAttn_lab-FEF+1,hemi-R_div-DorsAttn_lab-FEF+2,hemi-R_div-SalVentAttn_lab-TempOccPar+1,hemi-R_div-SalVentAttn_lab-TempOccPar+2,hemi-R_div-SalVentAttn_lab-FrOper+1,hemi-R_div-SalVentAttn_lab-Med+1,hemi-R_div-SalVentAttn_lab-Med+2,hemi-R_div-Limbic_lab-OFC+1,hemi-R_div-Limbic_lab-TempPole+1,hemi-R_div-Cont_lab-Par+1,hemi-R_div-Cont_lab-Par+2,hemi-R_div-Cont_lab-PFCl+1,hemi-R_div-Cont_lab-PFCl+2,hemi-R_div-Cont_lab-PFCl+3,hemi-R_div-Cont_lab-PFCl+4,hemi-R_div-Cont_lab-PFCmp+1,hemi-R_div-Cont_lab-PFCmp+2,hemi-R_div-Cont_lab-PFCmp+3,hemi-R_div-Default_lab-Par+1,hemi-R_div-Default_lab-Temp+1,hemi-R_div-Default_lab-Temp+2,hemi-R_div-Default_lab-Temp+3,hemi-R_div-Default_lab-PFCv+1,hemi-R_div-Default_lab-PFCv+2,hemi-R_div-Default_lab-PFCm+1,hemi-R_div-Default_lab-PFCm+2,hemi-R_div-Default_lab-PFCm+3,hemi-R_div-Default_lab-PCC+1,hemi-R_div-Default_lab-PCC+2,hemi-L_lab-Thalamus,hemi-L_lab-Caudate,hemi-L_lab-Putamen,hemi-L_lab-Pallidum,hemi-L_lab-Hippocampus,hemi-L_lab-Amygdala,hemi-L_lab-Accumbens+area,hemi-L_lab-VentralDC,hemi-R_lab-Thalamus,hemi-R_lab-Caudate,hemi-R_lab-Putamen,hemi-R_lab-Pallidum,hemi-R_lab-Hippocampus,hemi-R_lab-Amygdala,hemi-R_lab-Accumbens+area,hemi-R_lab-VentralDC
5HT1a,1.6664088097465892,-0.7102421468770451,-0.31288058508435274,-1.1128491764522717,-1.971528037064919,-1.1088010583302799,0.34537068704197593,-0.6163636552525757,-0.9583482436907321,0.21598270596223093,0.3620042057438563,0.8230040051032624,-0.3438134633184028,-1.0153860351980093,-0.7112195339875897,0.6173771387276797,0.37498177197098953,-0.5652114875729359,-0.24941342950096992,-0.3755569069125402,-0.392864887745303,0.2210461048450716,-0.30172639852754324,0.4636822868705693,2.009000593480767,1.2812918299038185,0.33112715898274037,0.33525285818760664,0.1988153128143288,-0.1805768109361246,0.8565690345854611,2.420516666887894,1.334546983064024,-0.1650915371053378,0.06364260815923972,-0.7162726186224186,-1.0249114674600268,1.5735612944777702,0.9639488768578568,0.7510630221095381,0.2538066229823217,0.8989579032420688,0.27709036520143854,0.7479965513309642,0.48581800844137385,0.12696895183497692,-0.13338284804254533,-0.10337511301062954,-0.6298363053842925,-0.15084240347653122,1.4891109224275514,-0.09577239111174858,0.49378128057511445,-1.3038740946501972,-1.6406046948400703,-0.5386843627995604,-0.3069070659258282,-0.9821515100977654,0.224194416939395,0.7284669711654945,0.7643692989363634,-0.3241024869215891,-0.8206366644651694,-0.9466178045819399,-0.5423701369044287,-0.780086646850905,0.5174296090391814,0.12349753471053411,-0.1723453683540681,-0.5401133345948115,-0.3528056938027488,0.14538840500244202,-0.32957867994770007,0.6742229955328163,0.5875552843827658,1.5096564560222208,0.16330537491348873,0.13568135228629635,0.7712762575399873,2.1302450273093414,0.30909704634266905,-0.05347724757838272,0.3862669046329953,0.054929086594005506,0.24271656414141474,-0.19160700229400524,-0.9461698074617597,0.07701301270196638,-0.4309522665352718,0.48815597939839156,1.3186451033026598,1.4187807559059882,0.8852211186721269,0.6407034832755417,0.25326467651611767,0.7260220459410442,0.09694305475764717,-0.11995212757122663,-0.5735660284627907,-0.12740529287393076,-2.222192179497016,,-1.769957024497339,-2.5402516925013443,2.2389589951398325,0.014623920258639024,-1.6056619284685074,,-2.2237978949008657,,-1.5705647847109359,-2.4824648567600316,2.5575952651974068,-0.1159665676056548,-1.6658187709969416,
5HT1b,-1.8212008665238235,-0.06555807485247928,-0.25359815813519926,0.4813968996752787,2.3981461002236206,1.2461796536683047,0.31746309203639433,0.26860501907480533,0.09656294749645464,-0.09080983164558235,-0.11291212034672368,0.42682870863939343,0.33223471628635765,-0.1349006561658521,-0.09495921868824857,-0.2658388671987354,0.05251188462187266,-0.05112909226231846,-0.2527953186457349,-0.2782642085996414,-0.37607197918462254,0.9792057886252861,0.7598307625125765,0.12083207301089362,-0.7246287888511096,0.8714939107294845,0.8167459279043995,0.41298197484348714,-0.09677546151260609,0.8056092095772391,0.11045739526718698,-1.407094563665916,-0.26253415581186784,0.26352590102991325,0.90571520328301,0.019156012930590573,-0.919920013293632,-0.40434285502251954,0.031039558689812608,0.1645432602531993,0.3226421328256692,0.7234336435562934,0.9244066342909678,0.03824333162822854,0.6309034534912049,0.6553579028498959,0.917020303535826,0.9220527448662149,-0.6927831681891059,0.01980326337171029,-1.6618648881402829,-0.11861670636596702,0.08071395552505664,0.9107013136523366,2.842278150508046,-0.0035548018263037245,0.6735863700006643,0.15558893764416998,-0.23749019683666614,-0.3498158086460857,0.45989241867322656,0.19992351834018232,0.07675438712137309,-0.14651036519998464,-0.29359284164268246,-0.09947890766597682,0.46984354845199083,-0.029527454543409618,0.24327615926441015,0.19485477289851202,-0.25943032717408626,0.771075355913258,0.6296881301469034,0.2697854213215904,0.12234820184866452,0.03584587726993878,-0.013958522859034289,0.6773810140131018,-0.03968983967448489,-1.2866046758596237,0.4452653193615046,0.5243947975692785,0.7334698286814874,0.8296273180936794,0.6689107462211488,0.6767451734355281,-0.7595557641772454,0.15959760303644333,0.12940053478002375,0.4438283680616704,-0.17317798233303633,-0.9630295895490002,-0.1241532562129974,0.5485325367762247,0.9350330205395542,-0.06047307899909286,0.5665742970689787,0.6807711264998386,-0.5355068430522235,0.033095754402063624,-2.625630476062919,-2.0514723123223595,-0.28362753597284535,2.4406357405596903,-3.0590482322864436,-2.0311306001416125,-0.909575761852713,,-2.663469559743929,-2.3137498083794172,-0.4947459699199975,2.332715027585664,-3.2380413310380085,-2.230226322569634,-0.6341969764180472,
5HT2a,-0.48232331481547935,0.12366481398117829,0.1444225692846059,0.30137565799180566,0.4075563917965424,0.3522400644112879,0.7169534270318882,0.4384832136363134,0.22045767520481865,0.6492745532677936,0.16575391887576765,0.6302953549028192,-0.20443885867085002,-0.6381867125914733,-0.7009243825515835,0.5735023332115019,0.48523681492186405,0.0005728619881163108,-0.19773678951126406,0.11844109771354894,-0.2592794483360113,0.7195286580605822,0.33548889976156443,0.8086392258623201,-0.23258367910736027,0.79543301212629,0.8108404457723125,0.32897508010074844,0.2617987578620049,0.42331820996154146,0.4806757037181861,-0.29801351040156787,0.9758293831274458,0.7498442909990609,0.6527163954251868,0.2506187832243369,-0.07633410724945497,0.8265378555184965,0.9667124129087498,0.931027108144124,0.7330726704566664,0.3594601652312188,0.8082635561577257,0.5459620673327154,0.765656696033774,0.7519070189870518,0.6265104618967124,0.7235305493875906,-0.019068112147864906,0.828399894613525,-0.3934667870862373,0.29179124298247816,0.5464112676785321,0.24393551137153027,0.6720438968275334,-0.04467971906495144,0.6313568498738563,0.04275954701936618,0.49972981487929463,0.05781563688721442,0.45513735101134095,-0.36383393867340047,-0.5921247416229893,-0.7220702469537957,-0.5512201434864459,-0.7894287372097043,0.6782558538559601,-0.018654294967749445,0.42741851071815645,0.07449437661964366,-0.08216735383248486,0.6510716310820425,0.26294401142060153,0.7014987236879368,0.5313596007063965,0.25698084227601187,0.24634985956867686,0.38576782536108367,0.45259501526950985,-0.16683595218380495,0.7299183165205959,0.8263269386791992,0.8377225294828592,0.6247205712879972,0.7344241415278652,0.4672895334128484,0.07572311233481616,0.016131503381314676,0.4072760907807523,0.7301729094550552,0.9331995792319847,0.1979293794614186,0.8495352546384203,0.3964300447693893,0.6456057612741447,0.27276698636743,0.6539445782783957,0.554816428118472,-0.17030930747315084,0.9256718107290426,-2.478907381177285,-2.9356060555973578,-2.2582630738374236,-2.722150612376457,-2.1506832537248317,-2.0997002584140536,-1.7650425453933227,,-2.489627029122109,-2.9706217754157347,-2.406898561618245,-2.768229929389064,-2.2792052086058727,-2.299732696901259,-2.149952370208315,
5HT4,-0.3241820046480235,-0.48330198880552866,-0.4527834114757343,-0.6846085220234587,-1.0193247442572708,-0.686112210384473,0.08107910370680155,-0.23376233257299597,-0.4819975171488036,-0.059516096564164594,-0.2843440800470135,0.15128513524668522,-0.6468318217426237,-0.8941496277821072,-0.8702277130122177,0.08786821264969544,0.06755860281010719,-0.27679534105411435,-0.3042945243415693,-0.18843892439565382,-0.43418567737717456,-0.15769252575407158,-0.47458130719537744,0.29732502790814325,-0.08082162066717286,0.07387818997075742,-0.012959982135891312,-0.21738204795863897,-0.1573006934087595,-0.431679135173407,-0.06640845290690368,0.02906458698740125,0.3728449153793709,0.017544546777202588,-0.11580674821745564,-0.19618231012596357,-0.5779603897892555,0.42427836927308954,0.34089526138451876,0.34144061076533744,0.2765056128745681,-0.16871630141288588,-0.0779657298842591,-0.05289353752528163,-0.002756769418791908,-0.1782169240369446,-0.2690785288349118,-0.21854332731984158,-0.3525203692607715,0.0799110540242983,-0.2763344514315301,-0.2879787270376064,0.007265675719562606,-0.7765058167224903,-0.789051222093768,-0.5517182859094175,-0.016316199662969905,-0.5043251905102728,-0.14375328048489255,-0.25681273773337776,0.040943284968534756,-0.7230028448650029,-0.9499681341536503,-0.9169255810427372,-0.6089019429423472,-0.9405429159830854,0.2310376583374429,-0.23514635550501078,-0.14359705532086575,-0.2427763383535247,-0.3419058595246195,-0.2972750552163983,-0.5305368279442553,0.32363314242066904,0.1937726250889524,-0.09826569201599365,-0.18598485218197122,-0.32584953478452955,-0.1320147281546956,-0.006193723027388616,0.24558352439521755,0.13992047391035134,-0.05417837525023264,-0.16526326829119894,-0.15012584540972468,-0.4019609790794568,-0.5010893154443242,-0.35477827141474916,-0.1032110732105156,0.2825983942716247,0.39780573595294166,0.12925941821525297,0.2859485185095318,-0.28314268653209984,-0.19121847980589626,-0.14151704335907903,-0.23517936082135454,-0.35337410677686365,-0.3387464890893763,0.0819985133395161,-0.9384263442862713,3.820978017024508,4.6174508014858,4.091100973335233,-0.4724447630507253,-0.5802570520326832,0.5415159610546294,,-0.8870374052551089,3.105886187184964,4.519092927685019,3.3188334415902876,-0.5573342674288322,-0.7114572466918926,0.820644460244256,
5HT6,-1.1301649147363093,-0.24175070247088673,-0.6568233143878471,-0.09828573079805918,0.1258842967332084,-0.10917487825551814,0.4312438374184699,-0.11500858591074466,0.4053728274632648,0.0702051328220556,-0.5853551342565452,0.20795276562785592,-0.6177349559006422,-0.8805307553532578,-1.1656256206807478,0.2695324873491567,-0.10706249589100653,-0.09638215200386265,-0.5816734238724521,0.11809336509773677,-0.5571695408509518,-0.32168780685826753,-0.7050053572209669,0.3029645799503759,0.43955636532445114,0.7754899481603346,0.23662075305261676,-0.2536413642863589,-0.1760010991724432,-0.5143004347131019,-0.6362966029289877,-0.769017269146688,0.33426489538904874,-0.09591626419578886,0.048689286663502085,0.6847421008181823,-0.12556884711219274,0.641861440332568,0.5736619026527802,0.6228281283222665,0.5726525478444981,0.17772906780766537,0.3382329885355898,0.38082850422458886,0.021095028270282427,0.15463440255815164,0.2240182608837985,-0.22670941761320978,-0.6164156969791068,0.6400069675163704,-0.45563736049177467,-0.2673138715892226,0.3069788904879749,-0.17519105686309833,0.14571650936036684,-0.5761215597716247,0.10117243545194685,-0.05775926866945654,-0.004705417632502399,0.03839147421841842,0.253021324393729,-0.46290669585673666,-0.8155635464605806,-1.1732820266958188,-0.9294918913499255,-1.2481760709392846,0.6224088705605271,-0.43947777983260866,-0.1716678061054894,-0.018421253739484403,-0.4763233568876736,0.059919287380013696,-0.4683879959051453,0.49583429204296986,0.2717872357843377,0.48441570786473176,-0.8917326955109128,-0.6258716926584934,-0.8274847447665732,-0.45619857166890687,0.2496350751881837,0.3586198098554436,0.13296504863644237,0.3141017332294937,0.45980370916057745,0.18912660656676025,-0.5022323311283889,-0.28707221892174467,0.3301961143548467,0.6364960964170806,0.5367003694647933,-0.004555623766841584,0.2372562421796634,-0.08296920487042146,0.2922132593555352,0.08337131209967064,0.049725464064808725,0.2416584486779267,-0.576036965439777,0.24004125264617737,-3.0141256643946055,2.828213088611211,4.402742215307824,1.381663218996093,-2.0348864382501746,-1.6071180740717248,0.5338126078342302,,-2.1037594293425204,3.2784620869865475,4.354935276121772,1.5489363368928888,-1.7581932343685647,-1.6665557022485482,1.3040386347827155,
5HTT,0.13006230984206765,-0.4104832561730363,-0.09505635438948926,-0.4814298200794762,-0.15463128320240613,0.31119228837442064,-0.3072361112294228,-0.4309329400411941,-0.0679721454571609,0.17799716537872404,1.3319517927526843,0.04847171037443234,-0.3776965180439134,-0.42901776157416593,-0.288014792071232,-0.5176272540567931,-0.4646382345988523,-0.8034854036929161,-0.5087393441255712,-0.8004935508777851,-0.6856502737796808,-0.4738528981909135,-0.7184031211499903,-0.5135302119102804,1.1240710202359188,0.43400351659898556,-0.48340681996516655,0.2011525004470658,-0.0380903128171096,-0.5499369505394447,0.19601489514028672,0.5934637439458894,-0.6671442833618297,-0.764280340167915,-0.40628068521545946,-0.5588559464770269,-0.15075382980006852,-0.3703299525893671,-0.3585028958162017,-0.3049774674515205,-0.6984564228885035,0.4424119307253368,-0.37554842825855517,0.011561401815172064,-0.4238204384130644,-0.7283264521953126,-0.7236171559611282,-0.7599950290129573,-0.13338411471995926,-0.24190442800560735,0.05668484361120652,-0.3205744621163052,-0.570031248898799,-0.5079039953531578,0.1094457432029258,0.27918936169137515,-0.5300802380858405,-0.2978847159552514,0.2515134668560351,1.072219795356633,-0.1942252724009659,-0.5455151414317481,-0.6281849862705697,-0.5297358378574829,-0.6081161644126666,-0.3129804779836509,-0.5370017828177591,-0.6117785867935664,-0.837992623722918,-0.8569843037739744,-0.8233003954537741,-0.5999798112743085,-0.7620538341785436,-0.42131930041261634,-0.5202378942676145,0.6017242073803162,0.02673990404094941,-0.20641133748818394,0.008190439960069091,0.25524074913742323,-0.8703744257165631,-0.8838179548204529,-0.5148933216027023,-0.5437019858352173,-0.6249355636884537,-0.8086057130262321,-0.10324728333600643,-0.05971904449792307,-0.5846478657163848,-0.7283211932844633,-0.6928666681132764,0.16880949752902863,-0.32572690923814895,0.24258921200760342,-0.4098533555178449,-0.17435044592110116,-0.7836379235494736,-0.8622859870992858,-0.12205957609472111,-0.2013299440951628,3.277343286939546,1.6010490923204883,3.279941422629012,3.549157924176092,-0.14032389034282428,1.9580155465878701,1.8342729068193573,,3.503322659580285,1.0399039050456467,3.290581718520272,2.9351915351317803,-0.3172947715806279,1.5849986626757153,2.3123093054963966,
A4B2,-0.5487463944330997,-0.3351638636526668,-0.4846344867779104,-0.6871147259980154,-0.9668782134109715,-0.553069780355886,-0.16268528874106825,-0.32348300132914004,-0.6133038106586945,-0.3644629777487197,-0.1383271871281988,-0.12531751942546382,0.32561889851589676,-0.4952849118473606,-0.6378508333370984,-0.4402984366220516,-0.09774049350369605,-0.47546636545341514,-0.27360375279370897,-0.5238201672120996,-0.975737067318091,0.479638613740778,0.03753607216181578,-0.05571872640062079,-0.7553701812539911,0.007602074292646249,0.36870334661259624,0.24138508083268415,0.05072921128396312,-0.40521906454015516,-0.5281381034887639,-1.1836926114098405,-0.584269458536693,-0.19460795330728378,0.49816014435788697,-0.2260487783289527,0.3335685697951364,-0.6767104432783707,-0.17005684339428914,-0.07104767266508624,-0.10964161235795128,-0.32456657263289784,0.09369240475446679,-0.09453065193833302,-0.017064386463246237,-0.304229401583088,0.14648721396471837,0.0762222017015646,-0.46472738363449695,0.14285593309931993,-0.3853814443847856,-0.16001859523911566,-0.29682469491596425,-0.8089256702353202,-0.5184027648304915,-0.4858847264255394,-0.05455840591399169,-0.7255074829215743,-0.278156023853584,0.0920743139936604,-0.08273898014367687,0.19466753532187753,0.2180056448357377,-0.708300225294018,-0.582727662821582,-0.5989639751652203,0.043458475083984496,0.12260141501568181,-0.15945183204251437,-0.2435553123559968,-0.7705687901487247,0.5487605627300179,-0.04183711531850046,0.1348594856908729,-0.017639778266205195,0.021909211909394526,0.12073218639612453,-0.07574572175870056,-0.454824468357998,-1.0612642676807242,-0.17073487019919573,-0.1969776410956341,0.2335875455076594,0.5107038673172638,0.3544852198824944,0.10069156692274187,0.3749173056022469,0.216317162812533,-0.08280210521124695,0.30471133117207233,-0.3201718871733605,-0.7130822897653344,0.11096959950724546,-0.11104171727391303,0.09328776852997163,0.015032212641669592,-0.3984823936600509,0.19992144831985167,-0.37416289370720546,0.1847414590493654,6.122375233852367,0.5660323078366755,0.3947499302486729,0.00020872105494156932,-0.3814404419648347,-0.5831559141792696,0.5414993634107522,2.7297261976302636,6.564608566938237,0.28502857179397906,0.5592706594118493,0.13422096882034384,-0.150751926147262,-0.6521656912858499,0.505569846533956,2.6329513818107353
CB1,-0.12218179791822951,-0.5305006044243069,-1.1675266525576036,-0.5836926434682272,-1.62353812360026,-1.7504343485650695,-0.5429272840143788,-0.8834399729246194,-1.071226927880782,0.05024894461337503,-1.6345076206228824,0.2822129080233107,-1.19917189093131,-0.8096957009405363,-0.6347373696134969,0.3623070290987113,0.24359377806099966,-0.3203629607198281,-0.6695591576435322,0.43869589784647056,-0.17672809585383165,-1.0058487256259523,-0.9270406087940928,0.5783687428989628,1.4573531850628068,0.44205337649072807,0.40622293643816815,0.596990344363144,0.2318788969443956,0.06994311911976817,0.9792001228447099,0.5301657936119981,0.4894426870355703,-0.2601623610596762,-0.12758908282093653,-0.12106588859148373,-0.07243174327340758,1.3200020814542137,0.2006280187599468,-0.17304017804000382,0.35821175021026563,0.8541749419646478,0.8987690621570589,1.5006374660551831,0.9909908424592482,0.39472040311577977,-0.37065580232843615,-0.5275114841985868,-1.1489429703423895,0.36693317747269627,0.2821934066952705,-0.5363737543857524,0.2739161763493114,-1.107239380328384,-2.0813848862929234,-1.4652068412417327,-0.37294829178027505,-1.2933817232864881,0.22789520898862445,-0.25345390421384134,1.2492469296958506,-0.6788060373559355,-1.0987703869233627,-0.9887048914643743,-0.8270464658607634,-1.0688315147531753,0.7819420229036816,-0.4742793590914727,-0.2949852324968249,-0.3637436649452923,-0.10949185039961455,-0.12408426080926409,-0.5806374354085931,0.5373130303387379,0.6798005670717016,1.545400597757276,-0.5304551013255464,-0.1535583513278264,0.8695398216461127,0.1671810743567468,1.09776711392212,0.8606808016802872,1.490422020383449,1.0138182303374363,1.4463446853841038,0.4418616134316659,-0.7341616404052066,0.49067668773767076,-0.2797471114476215,1.1090594662645192,0.8827519713933601,1.140949554645842,0.24228393886096505,0.6243008708763554,0.704535834876491,1.5795885926260043,0.7007829126358625,0.23987010781243143,-1.3381578558739413,-0.35311652457048703,-3.5935097369780515,-1.4928597244027613,1.9047136503053999,0.8860671971601971,-0.11016139599566202,1.054490416779537,0.8711410973596372,,-3.067051885204336,-1.3528271881886385,2.3408922707311546,1.0630894190381597,0.018831221733471033,0.879630675499812,1.4367717001305838,
CMRglu,-1.2715775398836964,0.030881990854497388,0.4250434808328084,-0.7137430565136309,0.677071308989246,1.2783585161118636,0.1786788834988195,-0.37922978725791634,0.9228517782681891,0.42424928533550693,0.6684491728184441,0.27334823624892984,-0.13188982101917862,-0.37405463134777195,-0.7655508418449719,-0.2451388190709571,-0.5846757457840367,-0.21294227417593037,-0.01345863877851862,-0.057836752564799594,-1.2834787585453231,0.6911403611813631,0.26467924488654676,0.04136583997079256,-0.7312747073635993,0.9834964527317459,0.5191240200087148,0.4532971613562765,0.4197269784280607,-0.4399517727875822,-0.06484004186647073,-2.3338226076428654,-0.5647724413201995,0.7213971011449278,0.7520279017212825,1.7228534147264272,2.1999782687581435,-0.7366005808066632,0.31146103000094366,0.38497448283227914,0.4173108123821898,0.48441135132577734,0.24080652477592154,0.47683408592723636,-0.26468211947947873,-1.0564263093413886,0.18810380528537937,0.5553313693030929,0.8506151294074416,2.787611873053997,-1.2451762012674055,-0.1058367726603079,-0.5638782880808582,-0.8479902086725274,1.3390750352025116,0.5491792826484804,-0.35584436113973567,-0.06083236114655812,-0.012163092731298232,0.8757685580879531,0.08784150450019225,-0.6285165867068532,0.07836582292275272,-0.9892398692132355,-0.9894366610178765,-0.7868637066555438,-0.05971330298762695,-0.30937260120963445,0.13572438661674754,-0.24093200378682436,-1.2691816777541773,0.4769254535508197,-0.04235657818622833,0.23945709525838277,-0.28186782283160594,0.2180473963852097,0.6470800817779747,-0.00828426378823394,-0.3881705387314704,-2.175789027017838,-0.44969062435773616,0.27976193105653746,0.07053553948967327,0.3189391185773044,0.2722487010864908,-0.14447746823747,2.045891847563904,0.27822976629183194,1.5560653320143818,0.599183143103945,-0.7764649778039545,-1.717912285687682,0.44122648308509776,0.037351130972142765,-0.16573020221884605,0.27249469084229216,-1.1385673647825436,0.4018275143241798,1.1646628319003443,2.7287476958705263,0.16601782981371754,0.5128602618141671,2.0493903685353008,-0.03758203416410329,-2.1590980363968226,-2.5728598339334123,0.0773506271051599,-1.922713204409701,0.4024936389644926,0.502777805505751,1.9091207624184996,0.10093909238685912,-2.1518350912418063,-2.7052050557740426,0.2665987459016569,-1.9181299857531993
D1,-0.060260715365829075,-0.2660082619326933,0.04855981066926048,-0.8236196414925563,-0.30666161830732974,0.11358751498028172,-0.4096641155946241,-0.6808931993752497,-0.3337631377648762,-0.2949695470192645,0.06610788159328874,-0.28259076817921375,-0.8245543716544946,-0.9174633451159153,-0.7371188613280192,-0.19704706983418943,-0.6528755985785,-0.6244358746100892,-0.5062408479506175,-0.3271873070361838,-0.7844534109135882,-0.4416114340197471,-0.5737382084508051,-0.4926838270647524,0.19884804744651682,0.254128005381371,-0.27362290614443835,0.07587878751826838,0.007868887352073969,-0.5515371552679148,0.19583730610094813,-0.2724548300633648,-0.25993305447425324,-0.40090913290096486,-0.3345885333126552,-0.18688864541222647,0.3371794939068454,-0.13151645322774283,-0.22140000865277829,-0.375033453747983,-0.528825851444191,0.11837857931650864,-0.33630893770318915,0.3446577391479703,-0.06840493228384058,-0.515312389360889,-0.7098948116994321,-0.45365776561551324,0.1593242576706274,0.4116937264272014,-0.012765732045321132,-0.1226406907940576,-0.19392874430547632,-0.7701033101294499,-0.03833320069114627,-0.05627377210812377,-0.5455827275495005,-0.6698100087832788,-0.07127510055406235,0.38046563317637944,-0.07875725060283557,-0.615973213895912,-0.6064427902626659,-0.8283002267020378,-0.7394279491337062,-0.7311546715904831,-0.15529753969862853,-0.22326004357888218,-0.2906034334740311,-0.6358455879106027,-0.7157685849426232,-0.16842281004224993,-0.467621223118176,0.013047335536744876,-0.11381124745799548,0.46150978127342146,0.17128441420104581,-0.2948164516297335,0.15308706801904223,-0.15371730443782364,-0.4058027994243708,-0.4753440574314932,0.02654787136024506,-0.19119174344092393,-0.15156306245268217,-0.4984863039062227,0.3798571564259042,0.0010050433971668913,-0.12178082522013974,-0.12111566143449003,-0.035507331790455066,-0.05071453785344977,0.1983598118419089,0.055770239965110456,-0.21563408888981028,0.3650762476392986,-0.46014984495257016,-0.29848602827959075,0.15538336421346702,0.3697410116453765,-0.3707388385772794,4.114186692924046,4.586194994132919,1.4839497326133362,-0.470185537230684,0.06455713436265688,2.9156485341412193,-0.6470808640280572,-0.2768108449681273,3.949174369043898,4.753011069849617,1.7088771557557032,-0.4607533397070806,0.047878758355937884,2.6441677249158033,-0.6214218343752997
D23,-0.1441380139586305,-0.41421544267784627,-0.37933545600464014,-0.5307403424584954,-0.6203036392386033,-0.49909263929803444,-0.23486412613448915,-0.41671164087601253,-0.47199479763491387,-0.17415413875749827,-0.17542917402458838,-0.22980307224998808,-0.4543757113537177,-0.5458667427232634,-0.5970734460942567,-0.13010571495335072,-0.31077483607367246,-0.40109387505647504,-0.3228360080506217,-0.4073211432222791,-0.48533587661491284,-0.4048060245612022,-0.5062030512266759,-0.2263082248282785,0.2826307012111007,-0.026244269669631077,-0.34998273701761234,-0.2627863108403806,-0.43422473857605004,-0.512564915260376,-0.23599164976858136,0.11169406227922954,0.051534127880888604,-0.3102580921734413,-0.3672986427074872,-0.40158784642350065,-0.3399131986784959,0.14070966846749966,0.04218084802395991,-0.11058546203812185,-0.2400226147381736,-0.08721676430749316,-0.3455168846415223,-0.2165603343586544,-0.3630281696025983,-0.44514671741184175,-0.48870842080480925,-0.4665544281227064,-0.4736519809343384,-0.34724765381316774,-0.09370070498063644,-0.3393257013106716,-0.14221005277682236,-0.573862966486117,-0.5368399258236941,-0.48324760133119143,-0.36324955034827866,-0.49481276260978246,-0.16591274766111874,-0.10358001902497349,-0.23821780650956736,-0.462040254923672,-0.518481411990458,-0.5959488681609763,-0.5065356321780299,-0.6166639426442457,-0.1771869643363795,-0.3097990160314259,-0.33916748318818263,-0.39660983864267707,-0.46645489742409796,-0.41852007458254253,-0.5392917685653945,-0.1110776206661864,-0.21942854058058883,0.13968830335884316,-0.4277610212719467,-0.44517866693603875,-0.2662621245029944,0.15300989539500487,-0.2771332333516768,-0.3401317470195492,-0.3421643938763874,-0.3860532966519177,-0.37181525177450064,-0.5245419648198903,-0.36069098260021704,-0.27484668974403453,-0.3835421433573192,-0.14772870995293275,0.06277288285021355,0.12159478930255047,0.02610219332344488,-0.13911887966261538,-0.36512114667800094,-0.24599955498300496,-0.4641953749566013,-0.44993404771314627,-0.5035167986780088,-0.3798853390390124,0.8672972505545457,3.881009536417413,4.516600228446216,2.557160381385793,-0.15863935917021468,0.6950757195874812,2.924787015084101,0.43471179594571135,0.8498664058848888,3.7734928163138854,4.391901915280247,2.5893650485921937,-0.16057445801168374,0.6505260734604605,2.8054639261239087,0.46580072232127
DAT,0.18228023541816726,-0.038853864051557406,-0.027778503485204005,-0.6646517543569581,-0.32068043331101986,0.007782469844716431,-0.2888988359239841,-0.5935952788235027,-0.3119626217990414,-0.07595730769388787,0.49222908104117485,-0.0748850524824378,-0.3879865167485524,-0.584357229327484,-0.6554650518791609,-0.17647887974935594,-0.497053909873876,-0.7189577732385388,-0.3209352557624782,-0.6495167425763412,-0.9270317806926147,-0.2729727269600562,-0.5965088175107081,-0.35342452981898126,0.33252926129205207,0.5649794196714245,-0.5343447922016332,0.10059080758137139,0.09051825869466225,-0.732710240806477,-0.19970744688632774,-0.2088304437512605,-0.3475950984265421,-0.44379278074417783,-0.39663282496294944,-0.327522386707466,0.18665606067872767,-0.30285286628551294,-0.12868584024490198,-0.21746262785749357,-0.5436371312384081,0.18358171313503008,-0.5036007282601457,-0.046946978029531,-0.7531144276890281,-0.9848850104891346,-0.7897311781042079,-0.5658730383984771,-0.07019143478818676,0.10736243468925039,0.06311160381142719,0.02370269376357544,-0.32152552578283217,-0.6892168152289485,-0.06624021552930726,1.6858624795120636e-05,-0.46545680864973255,-0.691249215543298,-0.038512531437593436,0.5462152477232916,-0.11900435260298371,-0.3897470279807442,-0.4382417119834718,-0.8650938882402911,-0.8293775497205661,-0.7202346808922409,-0.3125278803778555,-0.275302322050356,-0.5726445183802308,-0.787485444906131,-0.99728818434903,-0.2519772401742641,-0.6585357212696914,-0.07784728991758418,-0.2877006407480711,0.635438121752064,0.08663265768829469,-0.4242759115318062,-0.3133673820568535,-0.25643986984958245,-0.6855015862773082,-0.8705054814328782,-0.6260159921049592,-0.4853748908096387,-0.541049624047988,-0.8271865474416248,0.1752446640389729,0.039595846475120655,-0.3052698542950775,-0.3039151169203474,-0.36920733793549515,-0.2940020527549907,0.07207511595500753,0.017493971216482124,-0.4266271341627319,-0.024570565418454652,-0.9332163745549279,-0.5651234307828985,0.029679839787230322,0.11096055124403088,0.7581598493188119,0.7753456521796163,3.855721836045768,4.361370793362171,0.587452641273875,0.8720051634089896,3.100581689597869,0.8101456891822015,0.6100709292372599,1.904488063278787,4.028055376295339,3.8913916827094526,0.5185611266949325,0.7727585863675768,3.080338311571811,0.7678045554290525
FDOPA,-0.10387391201359505,-0.16092695595896492,-0.2766159435179309,-0.5090613123324351,-0.40804003936363975,-0.407999843394307,-0.3349094878891137,-0.48372318159137534,-0.4329726895965459,-0.3407672435658774,-0.10784891195893878,-0.2549306581650856,-0.523678268508777,-0.7297979180218416,-0.5532809862151141,-0.06885530089191241,-0.49754267320826606,-0.5621728040733653,-0.5512823369954748,-0.3448798486909057,-0.6582684570921743,-0.37468237263895915,-0.5067375745433065,-0.38504882510935273,0.22261476817388945,0.23392890663656626,-0.26192035581034073,0.09455040988163048,-0.2593492807792631,-0.40605547340332787,0.08669429838646284,0.005540983514721559,-0.11286489948961465,-0.5466404360406999,-0.3261875493465072,-0.4104867122706534,-0.11434598892894851,0.016829009267394245,-0.14484123319520123,-0.23570172796004094,-0.4240057610218789,0.05452813408118349,-0.33291377268183375,0.3041847128007524,-0.32442508812184817,-0.43061257005415254,-0.5430653419800263,-0.43068210614708485,-0.4039239134237794,-0.17094719497087713,-0.011451349068285164,-0.11098126355448719,-0.12061479973734933,-0.5023981702628493,-0.3928676746475477,-0.38651993890666253,-0.4281389042334273,-0.5461196488467984,-0.33999178409912634,0.006972781546407774,-0.28216856190925343,-0.5178290214678578,-0.6029743535566314,-0.8032218707323682,-0.7298310723615097,-0.5974340580172209,-0.3055156718628093,-0.4654196388846789,-0.6266723713884447,-0.5718905464109604,-0.5935828733934697,-0.3813578375604581,-0.5564018951624585,-0.250372963365043,-0.390319191511641,0.27706857056952505,-0.24310160053322677,-0.25934341275454253,0.03944584354454378,0.032084699934510644,-0.579495799849346,-0.6048486006522069,-0.2694572467607391,-0.34012469485903435,-0.30529180671974043,-0.585080105574156,-0.13063034432948498,0.07880268534174013,-0.3169063880480824,-0.31924802331260765,-0.07222002626637374,-0.13282703938342622,-0.12960784102202147,-0.008990299500707422,-0.3231622892020997,0.2420614020960459,-0.48201265238548857,-0.42208897074708335,-0.4198397568718979,-0.19758039876764602,0.08542944565806238,3.3723134183996226,4.616095243635971,2.6933759166632707,0.008792456012086978,0.8401724379375622,3.0386299531029177,0.6107042114647613,0.04847145236641151,3.1609612512437137,4.5987399737240295,2.805553771631011,0.022898307235314275,0.8528280068512358,3.1101341815262886,0.5523924762169464
GABAa5,0.8217739344107459,-0.6340130027927504,-0.3085276306909515,-0.9773923417683158,-0.9127135719227752,-0.37384545964311683,-0.013606063475802711,-0.6754177327585362,-0.8170527549934248,0.0980792619158444,0.37787518272105974,0.28421450539677506,-0.6294959246857528,-1.1528722337027804,-0.8576082131449896,0.35648962643847903,-0.33429241045626057,-0.6476712147972822,-0.6607998404850519,-0.4496885827247334,-0.8599021515194264,0.06602463100202868,-0.30639088401477665,-0.0004459370707231803,1.3395855325539874,1.1659704207066415,0.2047796767651906,1.546656277514737,0.26388500286481825,-0.22447560781121453,0.9367415721684803,1.303364074083071,0.7612594970159837,-0.39208749384875013,0.047296051063680046,-0.4868179480084282,0.742397117001139,0.683381614729089,0.3618291539667392,0.30011831309076287,-0.17823598557071504,1.040600684694085,0.17997301782738256,1.7861116312003362,0.2596841794840861,0.20298569531994787,-0.31743796725373724,0.2320658476101057,0.12077443712898392,0.316213932083225,0.8958720425086808,-0.32203707198105747,0.07627827043071383,-1.0335624871688522,-0.6901419789389796,-0.2771837931905071,-0.549094866131122,-1.0119174398288227,0.15359132302405368,0.7004693503726835,0.484547839512578,-0.3914899158847228,-0.7748873294878359,-1.2741652778741046,-1.0004923479821384,-1.0099113743462431,0.13170300281766653,-0.24477485717902175,-0.48236137622972974,-0.7365185201388772,-0.7145890306781845,0.14461205914913333,-0.3081358989984582,0.3286663839578359,0.20977768661568,1.498019793764034,0.35982651925535125,0.3206062548741418,0.8101854130999949,1.3792090684944287,-0.26165768221595354,-0.527518434214937,0.37831089066247214,0.17355248548528118,0.34645773958412707,-0.2897126576962175,0.6072671488349966,1.512385368410745,-0.287112133132512,0.10275321983281374,0.7713207013696154,0.7323178231266757,0.52059370487611,0.8516444116282753,0.29301786427602083,1.7291570867499422,0.19396526219072083,0.25406364060635267,0.174860544974389,0.375227251137243,-1.8013090414926305,-1.0583501209209574,-0.9238264635909685,-2.436009821149541,1.4143432843857004,0.4542956110278399,3.423965541027366,-2.7994490352301833,-1.793073007413262,-1.1387552340233613,-1.035217678324955,-2.5945471614395004,1.5179762779009085,0.2954421719557615,3.308399701529024,-2.7462206201828345
GABAa,-0.047763383032940795,0.6868930197382808,0.7913656412615065,0.711968158622489,1.4202583205513135,1.1794228591376001,0.6292151328395782,0.43408864658793844,0.4436445636750651,0.6394509715381332,0.5831342498096849,0.9381057682220777,0.18911548982016627,-0.29135334217383435,-0.3687401428213109,0.5300734845211876,0.37478432374122406,0.0621600682591569,-0.07029245122963555,0.07402190225659126,-0.23716231186050638,0.6236400400153448,0.06427914993728989,0.6509109335267388,-0.08589451506362485,0.8799863508926226,0.5533706041558083,0.15788271995857595,0.02266865235648356,0.338113502935604,0.5217703329177233,-0.26089655543455476,0.4146899498284358,0.290047495563854,0.7454834909903651,0.4458160825999641,-0.4525864191019235,0.4331527078305348,0.5491289156064825,0.8176917830328472,0.5937111509367853,0.5940887872433273,0.9066769094965305,0.4478267645915051,0.7250598443486963,0.4430889051189982,0.5627202974489307,0.3858714965637452,0.4209951982652012,0.6191458595131035,0.0245898825741296,0.7067191461562964,0.43063571998576544,0.7854856192375916,1.60499341896063,0.7561987559450667,0.4983595258069209,0.3595660653016315,0.48800647443912415,0.49275667208734075,0.7250056445054003,-0.0035200068855209114,-0.33142729622965633,-0.38185430165327505,-0.3859294248305206,-0.4318807570154625,0.49176565218837603,-0.02361625122175149,0.03342974482096382,-0.0052733497836891675,-0.14865000191598232,0.34928880558462266,-0.022885214310954523,0.5900246802943939,0.4285087066232477,0.2830975774462592,0.029126365393089687,0.2223369092166732,0.38816243140354834,-0.21853431043372454,0.35579278678014,0.46492747612508484,0.6402705789245602,0.5153249580568269,0.36961595006627673,0.3910024150624311,-0.4439104783323747,-0.09405621829556063,0.36153400432732125,0.46619037653879436,0.3666741764577894,0.015415126986604778,0.4783412763671406,0.4438313989072398,0.7089065284499649,0.40812692164916514,0.3707528248280948,0.15902488250998387,0.4746979893397329,0.6373252801230129,-2.4492489381682923,-2.467290215275167,-1.393613572363038,-2.533478138545036,-1.6910911748895419,-2.024017237528145,-1.2209119407882594,-3.508399472265683,-2.571360083491298,-2.391172924778387,-1.582451554844947,-2.609096173574707,-2.1017133738666276,-2.2532924892756117,-1.6464331479084509,-3.4615361065387753
HDAC,-1.5736299268681024,0.840849568491025,0.7379540340899085,0.12827352038463644,1.3052718506750078,1.0178122713946591,0.4307357736059437,0.055731428210176764,0.3215485781616473,0.12598975223890022,0.08072017886417576,0.3220341793884249,-0.3328947527866426,-0.4919344432825388,-0.6514001166367765,0.23516540864414448,-0.5970089328913346,-0.34856861416580076,-0.2258807430304994,-0.06105903238289288,-0.704751825280938,0.21359702148251763,0.08022880811787209,0.28062152981687855,-0.6802217514292617,0.460609384125349,0.550717740083518,0.40717497903464717,0.3564868652383548,-0.571537465770321,0.09375929299309507,-2.4729980159773746,-0.051774913878857784,0.018850736226358814,0.41459746590493685,1.1051204872095086,0.5803317222242502,-0.9940701514352691,0.16323680871262364,0.5844492359926892,0.5271261747414158,-0.1428044697880227,-0.05700017539630229,0.2273861731498261,0.7037215515685568,-0.7329378513389678,-0.2225613461298335,0.23841557131049754,-0.024644709894098962,1.1750893736753407,-0.7035998445488993,0.914398441822784,0.3369570416426062,0.3731838547468028,1.9489925295840955,0.5232346338210813,0.7931548737421755,-0.46356379259967484,0.4774996525379204,1.012607203195556,0.6877822922911994,-0.05986089549464558,-0.2214132117441455,-1.2768948833630078,-0.22359409012500012,-0.8983932475478544,1.044371292946337,0.061114389928000536,0.2805301790910491,-0.07552129466157625,-1.1472162777352843,0.6795838050446532,-0.45586436879213377,1.1468629609806287,0.8136962864281618,0.6871620689421468,0.558034452429163,0.01569096269924754,0.0565276219047745,-1.9743461360318024,0.7224119100732622,0.5531976718931406,1.2676632376443173,0.8911713177974118,0.6465898460482314,-0.7329811227354133,0.3305153730917485,0.44101994216116436,0.9852741044407969,1.5423491006939458,0.21164307753635508,-1.4208270869798882,1.2046543149001014,0.09871723343916498,-0.17749178276534616,0.37365599376135294,-0.5936078011307161,0.0051298572067755,0.5701946764169443,1.3907270891354009,-0.7305088836184921,-0.6535165687162567,1.9141898262162507,-1.1331376885050846,-3.134882584734413,-3.325944550979883,0.23794631705571045,-2.655664850519117,-0.37547957640856894,-0.6458315687075309,2.1539114393513046,-0.2013554771117614,-2.333655465143482,-2.481175348318992,-0.0696873488341313,-2.632259352181731
KOR,-1.167365692871505,-0.9347215449289807,-1.5005477750755483,-1.3092144264288192,-1.9116119161388545,-1.558713189469832,0.10956579757782457,-0.5315120667738761,-1.109688956461377,0.5612085168531743,0.5301424455900441,1.5883905381295542,1.2742597342752546,0.18236210347494258,0.6560749212855471,-0.20918914159886337,0.39808716902790864,-0.2679841069466773,0.07817181861197074,-0.3859767592383685,-0.19801799471675602,1.2916698823264159,0.630463897096367,0.6098606284060626,1.6524893309796738,1.8113892650786145,0.6395681112018405,1.8001242028835913,0.0032003385606208085,0.49601139237742714,-0.20177540312587747,-0.6228733607140289,0.03027102956241029,-0.10970098952154915,1.0816521617643013,-0.6070199783583224,-0.04770255693232159,-0.08345643491642733,0.5878120189678309,0.6845710557232054,0.41205587798543686,1.3008019526687713,0.764965747149212,1.042331093674353,-0.2858853206594415,-0.6108768733277362,-0.0032280850192296495,0.284016674889183,-1.184843491783665,-0.5304583051272596,-1.0501267507605885,-1.1490498191754421,-0.5435467569993211,-1.4823345715097072,-1.8131043035997816,-1.5640647705210782,-0.13264497800241196,-1.24036176778169,0.3500208343420217,0.5853137124657695,1.827122467669488,1.6052348066257724,0.5643936785674942,-0.5706492837004041,-0.6359355481341732,0.35361906425467543,0.28693043726702533,0.6688919738211311,-0.4449468209322969,-0.6607148646793093,-0.9570216563916315,1.246890583592588,0.22224427576493966,0.5743144783598473,1.0467745614032506,1.9224369595694175,0.20777495043602034,0.7170649580996514,-0.44501845125570744,-0.5268823602041114,-0.016336434203349626,-0.5139491073661059,0.373809264746646,1.3682379226973373,0.9564415605502795,0.2180069441889679,-0.17137231030053546,1.5688402351933841,-0.5413158703713254,0.5718766596864435,-0.34094197901771006,-0.19463624755929848,0.12116593050791252,0.9324621159498939,0.6562452422767676,1.0281474937465933,-0.16070655514471324,0.3259156387294266,-1.1288771283180832,-0.5571000100810685,-1.9926138735288854,-1.8391291918797779,0.1869846470123663,0.642456405020248,-1.451633019003488,1.7980142919129112,0.8514474242801455,-1.6604449624548594,-2.1666596415667336,-2.0845044359697935,-0.03507015145264021,-0.12759822377190166,-1.6645939499652915,1.617474837111661,0.9209375928056281,-1.5827594890387342
M1,-0.7891282089901439,-0.45573298928758216,-0.3469006983457737,-0.21821880637287705,0.02207934241854941,0.29717190535492394,0.4049840279262904,0.1665490794257205,0.12294530846898664,0.02772638365453005,-0.3286446374563773,0.2684510357431076,-0.21468708390905492,-0.8610215309017373,-0.8776661660273027,-0.09274463193967832,0.0850670003222256,-0.21021602232868491,-0.08870798460471295,-0.06535005000029087,-0.604514537047235,-0.005074127576239296,-0.50637440860157,0.24687340845001648,0.15032750805458583,0.18926863490150456,0.2758522437657545,0.03804157226867551,0.043212580792352163,-0.7416704304168212,-0.2795561716799981,-0.49402988978324064,0.022895545905757386,0.08464496843060984,0.2561698045108069,0.10729504514347103,0.29645304092666175,0.06198457308959116,0.46717611959907107,0.5122760916385503,0.17667337341896397,-0.20141010505961682,-0.0466310266609225,0.30227584279558034,0.06566075634761005,-0.38385583322676853,-0.29698123904849566,-0.1727673130675207,-0.09214374382667627,0.6369096418312378,-0.5501811125787216,-0.2826049823460803,0.22409744447364155,-0.13492993547911455,0.4901815010748003,-0.3570184572078518,0.44256068817659916,-0.016944333453623582,0.24950465863001692,0.30910299113843437,0.4594409319784143,-0.1309331868396897,-0.4499672838277982,-1.0821363180867378,-0.5153894500679506,-1.0431453178703936,0.6619997301489254,0.2862616758503993,0.2149087060999538,0.047000205234465194,-0.3804204179590765,0.17313545977824768,-0.5579173320621954,0.6604619105992807,0.5701880163518649,0.6374788861512247,0.08589042684914273,-0.4256297674570184,-0.13822811299232032,-0.12022004313296056,0.19859461102967862,0.17736816104819347,0.37627588462253353,0.5739790803366962,0.4578312259859428,-0.15903046735655899,0.12980410060485442,0.01793400553366508,0.19304078140138295,0.6492307717590776,0.3016391834383025,-0.009567202230009958,0.7082254645203185,0.014752428518631885,0.04960806652397673,0.2957025327053865,-0.4478818890772959,0.009238153631604183,-0.2740577186894769,0.438653711602139,-3.2394458876426233,2.10179471998331,3.1933831312587704,-0.5809096432755919,-1.2596242893787875,0.08218431956946957,3.292632512231299,-3.5513575515454563,-3.261064789448342,2.0661672485918325,3.375359017890512,-0.4972448303626483,-1.2738732830006008,0.0781531755028539,2.979981518621026,-3.488960635103761
mGluR5,-0.8422696810901145,-1.046944736940789,-0.6266310209130108,-1.4048297335162656,-1.0075653055221732,-0.026574630682602546,0.5959244581340343,-0.5204017661846659,0.11404857900746491,0.9852254554333053,0.7283770412832168,1.2713329226657268,-0.3516215853387809,-0.8869478824165079,-0.6064652546941144,-0.13592626570779393,0.28929015953542037,-0.1615313394994925,0.10447590872538787,0.523641437584765,-0.44267443869901657,0.5508329760851975,-0.21410353591545814,0.906980416074918,0.7168979470234174,1.3180014261809838,0.2915865338722222,1.3670790674559672,0.9446578419376651,-0.09718730831199685,-0.18170043862744092,-0.7890397906212283,-0.3338044090318337,0.2744826001023949,0.30574473152495707,0.5930925964095505,1.8326264696521324,-0.07008798029533529,0.7272332979935517,0.9126185872211537,0.5243774550004067,0.4981957879427186,-0.039398553744868586,1.1488929537934804,-0.5857117855123886,-0.3562104456184907,-0.2637722130623228,0.05131100998301497,0.20188017576897924,1.6407347864702584,-0.6558245267839885,-0.6248801326910468,-0.15789680217832786,-1.4559832216457793,-0.3404707826205998,-0.2856605377762417,-0.2920724993073747,-0.49102828322488223,1.0608569386101125,1.5038922066148,1.5034711491045687,-0.19371890866881614,-0.5433943947644682,-1.132256098974178,-0.6324786098446783,-0.9402588736723252,0.8573100724735273,0.3628058009490736,0.23776727398598077,-0.24148282829248452,-0.30792659218271623,0.6633653173156447,-0.4272519575459041,1.3266969858975528,1.1684032478988244,1.5340794748681044,0.8596436642947427,0.33010329733122185,-0.2834202674084812,-0.6409264233217181,0.33032993514675524,0.14477300110297722,-0.2175330993299271,0.2575069833310681,0.3892602110641805,-0.1910520259424045,1.5438426764509854,1.2775804606836298,0.7651540262170922,1.046850943804084,0.0211115210631867,0.25794137247750715,1.0995970069755936,0.29038835306804184,0.2742787371653832,1.1992470992353654,-0.35265812005394115,0.07414476989800708,0.42688153295788633,1.473846031511362,-1.966353806712099,-0.2419311045599734,0.30600025455227414,-1.9824900858871732,-1.2023221795190504,-1.2384975743690467,0.34868593175043633,-3.986711891663618,-2.0620702330632925,-0.3756557479973214,0.38949407018265986,-1.8293506917373037,-1.2633982933810972,-1.3348008704558065,0.1961814567749661,-4.057876860097164
MOR,-0.6518636365389093,-1.4404836185215364,-1.3547629239518124,-1.782009191126392,,-1.607744827178774,-0.47904750005323526,-1.360150881048689,-1.587144926868625,-0.3373669221316554,-0.3214288186589896,0.1266922982949832,-0.6795763600751866,-1.2211227339001258,-0.8373941069641788,-0.21900975155017657,-0.11574920392962741,-0.7498073682886741,-0.5333258517030591,-0.3411795720969646,-0.6636976384113326,0.17160625563971624,-0.1164009745051158,0.22801299684825252,0.41581517879092045,0.7378472758165462,0.5988881259119196,1.012015036173865,0.10396244916637089,-0.039255818745308424,0.6478338092168339,0.1834428562783891,0.1764914164363828,-0.3926185117420864,0.3527493589434979,-0.9404419455671686,0.3470346719598455,0.3392596830932278,0.07748232046244856,-0.001666614014388064,-0.06987123424447311,0.6372157700727646,0.265461478386738,0.9147284024704007,0.46602957977906345,0.11127069961449657,-0.060272950976887264,0.24005100187129744,-0.9745993495267111,-0.11207714721843963,-0.49240320950332017,-1.2150704022114482,-0.436199042123967,-1.8952957302124023,,-1.39620726847623,-1.1153494391924945,-1.7224167847949252,-0.3888202849294635,0.013638300061476063,0.08855644308338445,-0.7193663300048819,-0.9106424127321778,-1.2977973180612228,-1.0214896686045352,-0.9434925073296793,-0.05373705385824839,-0.24351234907619515,-0.40045197284932765,-0.7528583198661225,-0.5917192197713737,0.15938841599217488,-0.10854906215750013,0.06666547570025827,0.2551199479716651,0.7476344893905046,0.21547135092596717,0.3489328108288126,0.5905060652493128,0.21104565200229225,0.07047136887331829,-0.28610132019540563,0.5518935963074721,0.33130278058911417,0.6266182611820711,-0.013585985358121536,0.3374553596858836,0.9873314345785363,-0.5516070028266842,0.2664341965940969,0.1591945480299282,0.11792951837675786,0.11007760602914195,0.46261480092662177,0.15523116962212039,0.9491706312109375,0.1394545794718898,0.3523985254997534,-0.8881976482611861,-0.16848427824191364,2.277198137425635,1.8495568577810624,1.664804847785967,-0.2850758470331726,-0.8538747028915219,1.93018436031581,4.115171929433998,-0.3958525464018439,2.137274845242274,1.8589324267810272,1.6864203459465983,-0.13988524547609024,-0.9928231978545247,1.7610964138923226,3.933837297057595,-0.4119689252392562
NET,-0.41488304300683854,-0.6076971450592057,-0.2911779320762458,-0.7389159575182143,-0.5461287716523554,-0.23584618327723125,-0.029185145204893844,-0.6075119761154134,-0.4108468166460589,0.13115385685590003,0.6334815133831552,0.22719922162587758,0.2939117108560369,0.3749010741210155,0.7454980299994143,-0.020903371068615752,-0.16745167271339606,-0.6661107972134231,-0.2564008973304773,-0.6764082812991526,-0.5229118785272713,-0.293383377108271,0.1265057678982441,-0.13993059297791705,0.027236468824612597,0.3638067988177097,-0.1694951399801846,0.2969960174421776,0.012188157658616878,-0.0034592789802832835,-0.8907592978892267,-0.2212878908995424,-0.1121723143488343,-0.3545761255194719,-0.6437863438972548,-0.3396473750926533,0.002285404254492496,0.03653504997086356,0.18775162771318102,-0.4428107494170667,-0.15065573200910953,0.015559169695690428,-0.2823905181505591,-0.19716666197239674,-0.29881479919024634,-0.5943322971654474,-0.531225014827295,-0.40294415219028706,-0.33633980835234956,0.19010895694050456,0.057337416972296,-0.1861846175539065,0.2574611862464224,-0.468540821295819,-0.03583680779576435,-0.1752419861228039,-0.4475781587908071,-0.2696184271677199,0.2543739957831562,0.8286399672157789,0.332593875714903,0.190161828021145,0.487881766989699,0.6473349381266564,-0.22188220991056856,0.629825478156806,-0.03344198816580513,0.02300510011164937,-0.41791760271255785,-0.6029836882200285,-0.40340148703783474,-0.5586896186357245,-0.03531698894382237,-0.06301638841491813,0.0030551591240117505,0.24822148425816015,0.49443730034303884,0.30800305546242424,-0.8511417955491954,0.020685982256243466,-0.47733063845244345,-0.04774649935641551,-0.3162896526345879,-0.6818109847714171,-0.30891834253926187,-0.5013287017940035,0.1446840470382094,-0.3693163424791866,0.1756311727992464,-0.10047963454190739,0.16343597740313195,-0.49378952601764114,0.4619285551183306,-0.3131354120281432,-0.48732014849343885,-0.6447286507481387,-0.7145193183255466,-0.5305063286152135,-0.20827872118464458,0.29372954595091716,5.125819957808664,-1.084540700394236,0.006848899483122704,-0.38124441875651466,-1.1575565038907656,0.3100652679305306,0.252664577616783,3.9564818027724855,6.021984294033317,-1.505196476070051,0.257937746941476,-0.1248524817482862,-1.0291058529879717,-0.45876459800059355,-0.08386513777345732,3.769625790862211
NMDA,-1.3272225893356262,0.1680623379862751,0.1874989429549731,-0.7810099802055388,0.02074189705843955,0.5235098780690406,0.44488549633037167,-0.31789289616404204,-0.12367057373650396,0.2927875167320989,0.636720163587493,0.003619412383234584,-0.735927529827297,-1.323828843349117,-1.6076745824394276,0.34068211907027146,-1.0003400064433152,-0.923909415199537,-0.8821070659980133,-0.3885264879436681,-1.6192362705884775,-0.12834672340997058,-0.7577796440864587,-0.2376964278899284,-0.04472308420529147,1.1263153741455336,-0.05236736891095136,-0.3193190271104412,0.2989544189104734,-1.4148282535422043,0.21994565031515784,-0.8415269555841458,0.22566131574877324,-0.6029096224611226,-0.05453999027460634,0.6129004342882213,0.7855146445482083,0.18518927932068757,0.5538641839313053,0.30759588111381087,-0.1405301155184666,0.5216949036067873,-0.20758278162486854,-0.015936408219263957,-0.8627484525654465,-1.3514857562260438,-1.115932376308175,-0.49399667058349944,0.76347423643753,1.3139975491860694,-1.0039142471277283,0.034326908487693465,0.14475512449586564,-0.6466394767698888,0.4701926356401456,-0.06676126398636605,0.22130270304384078,-0.82591973503949,0.2579253000814506,0.5382681050346682,-0.10777367034336077,-0.534443081221142,-0.7864571319219025,-1.5888151148381005,-1.5870179670126772,-1.717170242508431,0.7382885410911604,-0.4358294687720454,-0.6153113908707859,-0.7564303905113888,-1.6405457865891264,0.14133129605970576,-0.8060352358204385,0.38105388066618845,-0.0311403011056413,0.7687330943023769,0.10899266268530285,-0.5019596064224954,0.010579599900543631,-0.5770665698816471,-0.5347840156505156,-0.39138766315488144,-0.44976209961948416,-0.14238965657279487,-0.0010132848629589516,-0.8384117507981051,1.0439395995189538,0.3321041642606409,0.3406843473998752,0.6467766150892108,0.3668092836742249,-0.35545361996483,0.770700709342487,0.22638552286999156,-0.15733840571954297,0.41286774241890856,-0.9717861909008795,-0.2071627414945619,0.5145308239307352,1.5367146364215438,3.3037332172725797,1.7103939882321226,2.890864965795616,1.9655856369478286,1.2489280964270038,-0.7711618775217715,1.0506892098887086,-1.600497132785753,3.600387394925238,1.1412184425354048,2.5610688419464034,1.6050887019829687,1.1374826479547202,-0.9080749050352988,1.1979416867636297,-1.7222118382369123
SV2A,-0.516196473259325,-0.10574592034522945,-0.09427942079839384,-0.5193607033789706,-0.52144674584139,0.2022236813824462,0.7375689186265185,0.35606557187672805,0.03764181473839091,0.03748693281955273,-0.401971432227089,0.28021458384668174,-0.5124845447600199,-1.5554073847990697,-1.2375900614540571,0.29614647127576954,0.06882620417480294,-0.1434211341580721,-0.20015729909363164,0.24238523633683107,-0.9844696092063377,-0.12497148027057632,-0.7732563134427108,0.5119628277383937,-0.28079017284007773,0.521662775544278,0.5062389307378526,0.5039725668143704,0.9274646262277381,-0.9221891205094698,0.028133411721021448,-0.989737839112326,0.24605376796998832,-0.016653650587264732,0.33460133223561395,0.4391982547576588,1.4060826771982124,0.1891776855521933,0.8814205512448232,1.0246810886173205,0.5379246288004558,-0.01236933238790547,0.04512627770524223,1.0899656879621848,0.47900365612089885,-0.538072234907014,-0.7017412709183032,-0.390898497362905,0.23882070753806273,1.4620062732262442,-0.10127005735735535,0.2717469573950316,0.5665650640144051,-0.5403685277037016,0.2664869579291748,-0.049205041307335405,0.7155240588452189,-0.12373167669804082,0.365439294964673,0.47055473521500213,0.7775075034755228,-0.14916224026070632,-0.5574751234061031,-1.5297220517032428,-0.7548216239918178,-1.3718405115480554,1.2505602804734448,0.5703533111403841,0.1497531291004925,0.06746369222212512,-0.32827831595515516,0.26585919981369066,-0.7616349319770371,1.1496992295492696,1.0818160557883425,0.8239197035988646,1.006063084818044,-0.20573753750278662,0.1394875255910253,-0.6055536135451579,0.4854233994234665,0.43666103453166727,0.8591280300377485,0.8770621590842805,0.8520206708732858,-0.3076483436546429,1.1367534954442549,0.6216588820328159,0.668033671064651,1.2570900123850426,0.7692456380271601,0.03366052638023676,1.3053323631048972,0.14600453773151068,0.14244973581653408,1.2143493367821787,-0.5616636692112049,-0.012853431912003522,0.12722940734790572,1.282338758042985,-1.8829579518214068,-0.05064686477400765,1.362515216473048,-2.1205696360849795,-2.0359850287426697,-0.8497530169121646,1.356846687887937,-4.33348433313143,-1.7737343996127155,-0.33538791978510835,1.5262007133646003,-1.764655850036759,-1.9277038619290348,-0.6944072005393093,1.3910853188349646,-4.148483118632046
VAChT,-0.38439475049545785,-0.4450938144911087,-0.4459125101390442,-0.49808372208772095,-0.4889980590992407,-0.39824482376612125,-0.31700601903398823,-0.41979545942991686,-0.44479069257735615,-0.06922204185603605,0.06551598190801364,-0.09710779227686019,-0.09284276702005914,-0.2456941571863511,-0.17971604185714624,-0.40080443850200903,-0.3167891036601028,-0.47824482586391687,-0.38230920510863886,-0.37796863254410257,-0.48481664219447523,-0.2295671386918997,-0.28594341771663484,-0.2908070920980476,-0.009703687679601442,-0.020716539837539974,-0.317581084607508,0.02428340721355652,-0.09118219189430156,-0.2544371258617886,-0.2633342536819348,-0.3907750337486454,-0.39627719613476164,-0.4247437414663762,-0.2766726838102639,-0.40011625182748856,0.03605053328523342,-0.3214991518584137,-0.2457363943936745,-0.29090369138924305,-0.387593719298661,-0.24069031390240428,-0.26779767389679177,-0.24762347820223674,-0.3432281297998166,-0.46692671994579915,-0.4237700206111211,-0.4024562197612577,-0.37177388655021154,-0.2304681102878537,-0.41140910868949393,-0.45926046695609146,-0.42828700346744175,-0.5526322759028289,-0.45098110825819343,-0.4540760829279092,-0.4283826034556245,-0.4676400224360293,-0.08970269047438516,0.024621038391336374,-0.10641196952404566,-0.08941688981284697,-0.1684518983016965,-0.3203474218265546,-0.4657442780013606,-0.18357161935967733,-0.35005976491359236,-0.3066123350225157,-0.505962426897859,-0.46941605036981643,-0.49837338672090675,-0.21139314790690691,-0.31989080697010175,-0.24074933940033527,-0.24173132116049165,0.028913644411278614,-0.06896182335161431,-0.08404796782837999,-0.2747566868345442,-0.3976329838417462,-0.39516563808400035,-0.48830214448142595,-0.31168626275773065,-0.2816616041692262,-0.3405927678955912,-0.41999818470102623,0.012411021224577,-0.06683384089687025,-0.3336364197658717,-0.3528259688922381,-0.3847725536543345,-0.294698111547418,-0.228363178422595,-0.19049825487982922,-0.27060611508275983,-0.26790959583417706,-0.45650478896917596,-0.4030115657553324,-0.377141675991265,-0.22696442068607844,0.9472512613546503,4.312864900823971,4.9199508076676635,0.7658535148561562,0.2978334132624913,0.6734135892785544,2.8572492212307252,0.19095569100255116,0.9341214856953048,4.1435898990291555,4.889865124975205,1.057943389833013,0.31324866153133124,0.6008680545520448,2.6958154170729838,0.204616962624077
VMAT2,-0.23056143090970424,-0.2600921017745659,-0.22622869367047563,-0.37120983907005783,-0.291379383790747,-0.23599745586794668,-0.31489168682759894,-0.358143171133659,-0.3046297973855253,-0.2942725973565536,-0.22636205209751745,-0.2967576311689545,-0.40418006125594386,-0.40095767823768586,-0.36866781653506625,-0.2733116253725446,-0.39888776612420623,-0.36133530354483656,-0.40113008926014343,-0.3128530466839973,-0.4007881320133182,-0.3562680902016045,-0.343617083708696,-0.35298866863818174,-0.04835193539179257,-0.09856076869469776,-0.3383398349947542,-0.22700732088011993,-0.2194290082137462,-0.34712544831022507,-0.30630066388443894,-0.30972973585708646,-0.32328913245748386,-0.3580248674281757,-0.36688148621747174,-0.2587506953597948,-0.10727885581286419,-0.31475513975572583,-0.303934755850016,-0.30838454292657885,-0.3576174101021156,-0.22296632803539257,-0.3382776065979769,-0.22901973774149195,-0.3319041200594516,-0.34856867546175824,-0.3534009006277256,-0.339392752089956,-0.2651192162482971,-0.1394779906055302,-0.2622127830924624,-0.2493203114874773,-0.2783755421220324,-0.3877476707516243,-0.2791744305123725,-0.26545968712162005,-0.32517671055222197,-0.3698554372668481,-0.277725756092587,-0.17357413656722515,-0.272703839774231,-0.378266866432918,-0.38136387093997387,-0.39405347332135615,-0.40688995265526157,-0.3770201395190886,-0.27162592835366284,-0.36487532208932205,-0.3743657587726212,-0.37045378979086996,-0.38522835900729047,-0.32374751675944974,-0.33735540733331654,-0.2779189182177334,-0.3066419817415459,-0.00781559046300069,-0.22350477721615972,-0.2896803675366861,-0.30993928960956674,-0.28589738920285895,-0.35523916267649874,-0.34548406847223495,-0.3041179866751166,-0.32208135019015727,-0.30871137902174484,-0.3289290147870763,-0.12006980561654108,-0.24602627530191226,-0.25721602717472536,-0.29174313841434624,-0.28281591273182827,-0.2968194111625535,-0.24878556578482125,-0.25892299843333855,-0.2831133867225111,-0.24196940566313166,-0.3394249208661921,-0.3235588718811471,-0.24097539545967622,-0.1378178359603449,0.008319716327478209,4.308069760479183,4.954370335404154,1.531488452394303,0.19681559191444542,0.597992483399602,2.6692048996692215,0.6890385235571135,-0.024782602113538662,4.144660215948768,4.9830405039603285,1.767293520606132,0.1738313085325597,0.5966728494503166,2.5069299812577985,0.5862475087456086
